record_id,customer_id,merchant_id,created_at,event,amount,failure,root_cause,risk,agent_decision,action,attempt,result,recovered,status,stop_reason,payment_method,prior_failed_attempts,customer_risk_score,time_since_last_purchase_days,historical_ltv_inr,days_overdue,p_recover_true
rec_0483,C325,merchant_test_001,2026-08-04T15:01:00,subscription_failure,250,insufficient_funds,soft_decline,not_recoverable,write_off,no_action,0/0,not_attempted,0.0,not_recovered,predicted_not_recoverable_skipped,wallet,0,0.546,387,14202.3,,0.26
rec_0250,C143,merchant_test_001,2026-08-04T16:36:00,payment_failure,350,3ds_failure,technical_issue,recoverable,retry_later,retry_payment,2/3,failure,0.0,stopped,customer_opted_out,netbanking,0,0.5,385,964.58,,0.574
rec_0063,C586,merchant_test_001,2026-08-16T16:48:00,checkout_abandonment,700,address_dropoff,technical_issue,not_recoverable,write_off,no_action,0/0,not_attempted,0.0,not_recovered,predicted_not_recoverable_skipped,wallet,0,0.038,37,2342.01,,0.374
rec_0266,C889,merchant_test_001,2026-08-22T21:13:00,overdue_invoice,4200,overdue_60d_plus,customer_hesitation,not_recoverable,soft_reminder_low_priority,send_email_reminder,1/1,failure,0.0,stopped,customer_opted_out,invoice,1,0.102,387,1363.08,33.0,0.3
rec_0022,C984,merchant_test_001,2026-08-05T20:22:00,checkout_abandonment,1050,payment_selection_dropoff,technical_issue,recoverable,retry_prompt,send_retry_link,1/2,success,1050.0,recovered,customer_paid,netbanking,0,0.029,71,2527.71,,0.836
rec_0464,C254,merchant_test_001,2026-08-20T16:43:00,payment_failure,1100,card_expired,hard_decline,not_recoverable,write_off,no_action,0/0,not_attempted,0.0,not_recovered,predicted_not_recoverable_skipped,wallet,0,0.298,74,5071.06,,0.03
rec_0462,C852,merchant_test_001,2026-08-20T15:08:00,checkout_abandonment,600,otp_dropoff,customer_hesitation,recoverable,send_reminder,send_whatsapp_reminder,1/2,success,600.0,recovered,customer_paid,card,0,0.236,290,2505.1,,0.97
rec_0269,C790,merchant_test_001,2026-08-24T06:26:00,subscription_failure,400,issuer_down,technical_issue,recoverable,retry_later,retry_payment,1/3,failure,0.0,stopped,customer_opted_out,netbanking,0,0.073,49,3479.44,,0.805
rec_0391,C725,merchant_test_001,2026-08-15T07:17:00,checkout_abandonment,250,payment_selection_dropoff,soft_decline,recoverable,send_reminder,send_sms_reminder,1/2,success,250.0,recovered,customer_paid,emi,1,0.381,62,3601.69,,0.847
rec_0528,C173,merchant_test_001,2026-08-02T21:56:00,subscription_failure,150,risk_declined,hard_decline,not_recoverable,write_off,no_action,0/0,not_attempted,0.0,not_recovered,predicted_not_recoverable_skipped,upi,2,0.107,376,5704.43,,0.108
rec_0527,C945,merchant_test_001,2026-08-12T05:54:00,overdue_invoice,3700,overdue_31_60d,customer_hesitation,recoverable,send_payment_reminder,send_invoice_reminder,3/3,failure,0.0,failed,max_retries_reached,invoice,0,0.011,74,14698.56,9.0,0.686
rec_0045,C248,merchant_test_001,2026-08-12T19:15:00,subscription_failure,150,risk_declined,hard_decline,not_recoverable,write_off,no_action,0/0,not_attempted,0.0,not_recovered,predicted_not_recoverable_skipped,netbanking,1,0.082,124,2642.71,,0.063
rec_0158,C428,merchant_test_001,2026-08-07T04:22:00,payment_failure,400,insufficient_funds,soft_decline,recoverable,retry_now,retry_payment,2/2,failure,0.0,failed,max_retries_reached,wallet,0,0.156,74,1056.87,,0.678
rec_0222,C726,merchant_test_001,2026-08-04T13:50:00,payment_failure,250,bank_timeout,soft_decline,recoverable,retry_now,retry_payment,2/2,success,250.0,recovered,payment_success,emi,1,0.289,301,3413.67,,0.436
rec_0580,C860,merchant_test_001,2026-08-09T18:25:00,payment_failure,1050,network_error,technical_issue,recoverable,retry_later,retry_payment,3/3,failure,0.0,failed,max_retries_reached,card,0,0.452,258,1412.5,,0.55
rec_0007,C561,merchant_test_001,2026-08-15T18:44:00,overdue_invoice,12550,overdue_1_30d,hard_decline,not_recoverable,write_off,no_action,0/0,not_attempted,0.0,not_recovered,predicted_not_recoverable_skipped,invoice,0,0.134,324,1555.99,85.0,0.03
rec_0059,C605,merchant_test_001,2026-08-10T23:17:00,checkout_abandonment,700,payment_selection_dropoff,customer_hesitation,recoverable,send_reminder,send_whatsapp_reminder,1/2,success,700.0,recovered,customer_paid,emi,1,0.201,262,1202.51,,0.911
rec_0162,C464,merchant_test_001,2026-08-18T17:22:00,checkout_abandonment,3250,otp_dropoff,soft_decline,recoverable,send_reminder,send_sms_reminder,1/2,success,3250.0,recovered,customer_paid,card,2,0.097,382,828.97,,0.97
rec_0554,C622,merchant_test_001,2026-08-01T23:30:00,subscription_failure,1050,issuer_down,technical_issue,recoverable,retry_later,retry_payment,1/3,success,1050.0,recovered,payment_success,card,1,0.613,230,14787.27,,0.511
rec_0110,C897,merchant_test_001,2026-08-20T14:26:00,subscription_failure,950,risk_declined,hard_decline,not_recoverable,write_off,no_action,0/0,not_attempted,0.0,not_recovered,predicted_not_recoverable_skipped,netbanking,1,0.323,222,4129.43,,0.198
rec_0517,C644,merchant_test_001,2026-08-25T08:50:00,subscription_failure,950,insufficient_funds,hard_decline,recoverable,offer_alternate_payment,send_payment_link,1/1,success,950.0,recovered,customer_paid,netbanking,1,0.301,120,10837.42,,0.417
rec_0123,C816,merchant_test_001,2026-08-11T13:29:00,overdue_invoice,5200,overdue_31_60d,customer_hesitation,recoverable,send_payment_reminder,send_invoice_reminder,2/3,success,5200.0,recovered,customer_paid,invoice,1,0.067,208,2755.58,14.0,0.847
rec_0579,C970,merchant_test_001,2026-08-05T15:54:00,checkout_abandonment,1250,otp_dropoff,customer_hesitation,recoverable,send_reminder,send_whatsapp_reminder,1/2,success,1250.0,recovered,customer_paid,netbanking,0,0.41,33,20754.11,,0.97
rec_0456,C507,merchant_test_001,2026-08-03T11:34:00,checkout_abandonment,350,cart_dropoff,technical_issue,not_recoverable,write_off,no_action,0/0,not_attempted,0.0,not_recovered,predicted_not_recoverable_skipped,emi,1,0.405,49,9807.69,,0.306
rec_0310,C458,merchant_test_001,2026-08-15T00:22:00,overdue_invoice,13100,overdue_31_60d,soft_decline,recoverable,send_payment_reminder,send_invoice_reminder,3/3,success,13100.0,recovered,customer_paid,invoice,0,0.201,250,9305.82,4.0,0.673
rec_0138,C869,merchant_test_001,2026-08-12T02:53:00,payment_failure,950,issuer_down,technical_issue,recoverable,retry_later,retry_payment,1/3,success,950.0,recovered,payment_success,wallet,1,0.228,75,15156.97,,0.742
rec_0055,C302,merchant_test_001,2026-08-15T17:49:00,payment_failure,1300,bank_timeout,technical_issue,recoverable,retry_later,retry_payment,1/3,success,1300.0,recovered,payment_success,wallet,1,0.412,150,1028.94,,0.521
rec_0024,C311,merchant_test_001,2026-08-09T14:09:00,checkout_abandonment,1350,otp_dropoff,customer_hesitation,recoverable,send_reminder,send_whatsapp_reminder,1/2,success,1350.0,recovered,customer_paid,emi,1,0.053,233,9247.39,,0.97
rec_0226,C409,merchant_test_001,2026-08-08T02:23:00,overdue_invoice,13000,overdue_31_60d,customer_hesitation,recoverable,send_payment_reminder,send_invoice_reminder,1/3,success,13000.0,recovered,customer_paid,invoice,1,0.125,201,2043.34,20.0,0.583
rec_0233,C253,merchant_test_001,2026-08-18T08:08:00,payment_failure,200,bank_timeout,soft_decline,recoverable,retry_now,retry_payment,1/2,success,200.0,recovered,payment_success,wallet,1,0.27,71,1761.16,,0.632
rec_0082,C657,merchant_test_001,2026-08-16T09:33:00,payment_failure,400,network_error,soft_decline,recoverable,retry_now,retry_payment,2/2,failure,0.0,failed,max_retries_reached,wallet,0,0.012,371,3957.89,,0.486
rec_0285,C145,merchant_test_001,2026-08-09T07:57:00,subscription_failure,350,bank_timeout,technical_issue,not_recoverable,write_off,no_action,0/0,not_attempted,0.0,not_recovered,predicted_not_recoverable_skipped,upi,2,0.345,48,4998.63,,0.387
rec_0430,C678,merchant_test_001,2026-08-22T16:41:00,payment_failure,650,insufficient_funds,soft_decline,not_recoverable,write_off,no_action,0/0,not_attempted,0.0,not_recovered,predicted_not_recoverable_skipped,card,2,0.577,277,9493.51,,0.157
rec_0246,C223,merchant_test_001,2026-08-21T14:13:00,checkout_abandonment,1750,address_dropoff,customer_hesitation,recoverable,send_reminder,send_whatsapp_reminder,1/2,failure,0.0,stopped,customer_opted_out,emi,1,0.351,301,8579.19,,0.5
rec_0145,C117,merchant_test_001,2026-08-20T13:08:00,overdue_invoice,9800,overdue_60d_plus,soft_decline,recoverable,send_payment_reminder,send_invoice_reminder,3/3,success,9800.0,recovered,customer_paid,invoice,0,0.264,76,8534.73,34.0,0.428
rec_0427,C732,merchant_test_001,2026-08-23T16:47:00,payment_failure,450,issuer_down,technical_issue,recoverable,retry_later,retry_payment,3/3,failure,0.0,failed,max_retries_reached,netbanking,1,0.59,114,1885.96,,0.405
rec_0173,C506,merchant_test_001,2026-08-13T05:22:00,payment_failure,1150,network_error,soft_decline,recoverable,retry_now,retry_payment,1/2,success,1150.0,recovered,payment_success,emi,2,0.093,39,9794.05,,0.634
rec_0431,C300,merchant_test_001,2026-08-15T13:30:00,checkout_abandonment,2700,otp_dropoff,customer_hesitation,recoverable,send_reminder,send_whatsapp_reminder,2/2,success,2700.0,recovered,customer_paid,netbanking,0,0.171,247,2098.14,,0.97
rec_0466,C288,merchant_test_001,2026-08-20T15:03:00,payment_failure,1200,network_error,technical_issue,recoverable,retry_later,retry_payment,1/3,success,1200.0,recovered,payment_success,card,0,0.331,253,4677.63,,0.615
rec_0575,C454,merchant_test_001,2026-08-12T03:23:00,checkout_abandonment,500,cart_dropoff,customer_hesitation,not_recoverable,soft_reminder_low_priority,send_email_reminder,1/1,failure,0.0,failed,max_retries_reached,wallet,0,0.177,137,511.13,,0.393
rec_0536,C911,merchant_test_001,2026-08-08T13:31:00,payment_failure,550,insufficient_funds,technical_issue,recoverable,retry_later,retry_payment,3/3,success,550.0,recovered,payment_success,netbanking,1,0.438,291,3343.88,,0.46
rec_0345,C138,merchant_test_001,2026-08-10T06:44:00,payment_failure,850,3ds_failure,technical_issue,recoverable,retry_later,retry_payment,1/3,success,850.0,recovered,payment_success,upi,1,0.047,51,428.76,,0.637
rec_0258,C956,merchant_test_001,2026-08-12T15:23:00,payment_failure,1600,card_expired,hard_decline,not_recoverable,write_off,no_action,0/0,not_attempted,0.0,not_recovered,predicted_not_recoverable_skipped,card,0,0.382,91,22308.52,,0.125
rec_0185,C148,merchant_test_001,2026-08-07T22:26:00,subscription_failure,1600,risk_declined,hard_decline,not_recoverable,write_off,no_action,0/0,not_attempted,0.0,not_recovered,predicted_not_recoverable_skipped,upi,0,0.097,56,2001.52,,0.03
rec_0500,C355,merchant_test_001,2026-08-02T00:03:00,payment_failure,750,bank_timeout,technical_issue,recoverable,retry_later,retry_payment,1/3,success,750.0,recovered,payment_success,emi,1,0.199,25,3927.0,,0.682
rec_0184,C450,merchant_test_001,2026-08-03T23:22:00,checkout_abandonment,650,cart_dropoff,customer_hesitation,not_recoverable,soft_reminder_low_priority,send_email_reminder,1/1,failure,0.0,failed,max_retries_reached,card,1,0.171,255,5741.1,,0.27
rec_0569,C268,merchant_test_001,2026-08-13T02:50:00,overdue_invoice,12000,overdue_31_60d,customer_hesitation,recoverable,send_payment_reminder,send_invoice_reminder,1/3,success,12000.0,recovered,customer_paid,invoice,2,0.183,107,3832.6,19.0,0.623
rec_0405,C578,merchant_test_001,2026-08-03T17:39:00,payment_failure,500,bank_timeout,technical_issue,recoverable,retry_later,retry_payment,3/3,failure,0.0,failed,max_retries_reached,netbanking,1,0.139,356,465.63,,0.579
rec_0273,C961,merchant_test_001,2026-08-06T13:13:00,overdue_invoice,4400,overdue_1_30d,hard_decline,not_recoverable,write_off,no_action,0/0,not_attempted,0.0,not_recovered,predicted_not_recoverable_skipped,invoice,1,0.135,88,8428.3,77.0,0.03
rec_0519,C481,merchant_test_001,2026-08-01T00:10:00,payment_failure,300,insufficient_funds,soft_decline,not_recoverable,write_off,no_action,0/0,not_attempted,0.0,not_recovered,predicted_not_recoverable_skipped,card,2,0.177,124,2387.96,,0.162
rec_0359,C524,merchant_test_001,2026-08-04T12:50:00,payment_failure,250,risk_declined,hard_decline,not_recoverable,write_off,no_action,0/0,not_attempted,0.0,not_recovered,predicted_not_recoverable_skipped,netbanking,0,0.259,22,6009.82,,0.228
rec_0088,C193,merchant_test_001,2026-08-08T09:20:00,payment_failure,1500,bank_timeout,hard_decline,recoverable,offer_alternate_payment,send_payment_link,1/1,success,1500.0,recovered,customer_paid,wallet,0,0.05,234,1110.92,,0.518
rec_0334,C650,merchant_test_001,2026-08-14T08:08:00,payment_failure,250,insufficient_funds,soft_decline,recoverable,retry_now,retry_payment,1/2,success,250.0,recovered,payment_success,netbanking,0,0.051,303,1079.27,,0.737
rec_0171,C598,merchant_test_001,2026-08-05T22:19:00,payment_failure,150,insufficient_funds,soft_decline,not_recoverable,write_off,no_action,0/0,not_attempted,0.0,not_recovered,predicted_not_recoverable_skipped,upi,1,0.325,32,278.6,,0.282
rec_0413,C609,merchant_test_001,2026-08-14T18:41:00,subscription_failure,400,bank_timeout,technical_issue,recoverable,retry_later,retry_payment,1/3,success,400.0,recovered,payment_success,emi,0,0.422,321,2843.07,,0.947
rec_0399,C974,merchant_test_001,2026-08-06T10:01:00,payment_failure,350,risk_declined,hard_decline,not_recoverable,write_off,no_action,0/0,not_attempted,0.0,not_recovered,predicted_not_recoverable_skipped,emi,0,0.168,317,10781.02,,0.164
rec_0382,C876,merchant_test_001,2026-08-15T06:36:00,subscription_failure,350,risk_declined,hard_decline,not_recoverable,write_off,no_action,0/0,not_attempted,0.0,not_recovered,predicted_not_recoverable_skipped,wallet,0,0.242,18,2560.07,,0.252
rec_0494,C550,merchant_test_001,2026-08-14T00:44:00,checkout_abandonment,2400,payment_selection_dropoff,customer_hesitation,recoverable,send_reminder,send_whatsapp_reminder,1/2,failure,0.0,stopped,customer_opted_out,wallet,0,0.158,311,5520.12,,0.635
rec_0545,C363,merchant_test_001,2026-08-12T11:32:00,checkout_abandonment,500,otp_dropoff,technical_issue,recoverable,retry_prompt,send_retry_link,1/2,success,500.0,recovered,customer_paid,wallet,0,0.188,272,8708.23,,0.793
rec_0241,C110,merchant_test_001,2026-08-23T23:06:00,payment_failure,1900,otp_failure,soft_decline,not_recoverable,write_off,no_action,0/0,not_attempted,0.0,not_recovered,predicted_not_recoverable_skipped,wallet,2,0.43,309,5829.45,,0.288
rec_0358,C485,merchant_test_001,2026-08-11T18:07:00,overdue_invoice,14200,overdue_1_30d,customer_hesitation,recoverable,send_payment_reminder,send_invoice_reminder,1/3,success,14200.0,recovered,customer_paid,invoice,1,0.136,171,11069.53,15.0,0.73
rec_0553,C416,merchant_test_001,2026-08-25T17:08:00,payment_failure,1150,insufficient_funds,soft_decline,recoverable,retry_now,retry_payment,2/2,failure,0.0,failed,max_retries_reached,card,1,0.169,114,2964.73,,0.629
rec_0592,C308,merchant_test_001,2026-08-06T08:47:00,checkout_abandonment,350,cart_dropoff,customer_hesitation,not_recoverable,soft_reminder_low_priority,send_email_reminder,1/1,success,350.0,recovered,customer_paid,wallet,1,0.823,329,2082.09,,0.205
rec_0325,C475,merchant_test_001,2026-08-15T07:48:00,overdue_invoice,44900,overdue_1_30d,soft_decline,not_recoverable,write_off,no_action,0/0,not_attempted,0.0,not_recovered,predicted_not_recoverable_skipped,invoice,1,0.36,69,1668.48,47.0,0.124
rec_0297,C310,merchant_test_001,2026-08-14T08:20:00,payment_failure,200,insufficient_funds,soft_decline,not_recoverable,write_off,no_action,0/0,not_attempted,0.0,not_recovered,predicted_not_recoverable_skipped,upi,0,0.092,363,2355.52,,0.336
rec_0533,C975,merchant_test_001,2026-08-16T03:25:00,subscription_failure,1000,risk_declined,customer_hesitation,not_recoverable,soft_reminder_low_priority,send_email_reminder,1/1,failure,0.0,failed,max_retries_reached,card,1,0.229,310,210.14,,0.036
rec_0556,C771,merchant_test_001,2026-08-23T13:47:00,payment_failure,250,issuer_down,technical_issue,recoverable,retry_later,retry_payment,1/3,success,250.0,recovered,payment_success,netbanking,1,0.266,56,14646.07,,0.71
rec_0193,C104,merchant_test_001,2026-08-07T11:44:00,payment_failure,800,risk_declined,hard_decline,not_recoverable,write_off,no_action,0/0,not_attempted,0.0,not_recovered,predicted_not_recoverable_skipped,emi,0,0.463,59,2042.43,,0.16
rec_0203,C425,merchant_test_001,2026-08-08T05:10:00,overdue_invoice,19300,overdue_1_30d,customer_hesitation,not_recoverable,soft_reminder_low_priority,send_email_reminder,1/1,failure,0.0,failed,max_retries_reached,invoice,0,0.494,36,2087.05,45.0,0.383
rec_0387,C873,merchant_test_001,2026-08-14T20:26:00,subscription_failure,750,risk_declined,hard_decline,not_recoverable,write_off,no_action,0/0,not_attempted,0.0,not_recovered,predicted_not_recoverable_skipped,emi,0,0.461,32,9179.61,,0.03
rec_0530,C578,merchant_test_001,2026-08-02T08:12:00,payment_failure,900,bank_timeout,technical_issue,recoverable,retry_later,retry_payment,2/3,success,900.0,recovered,payment_success,wallet,1,0.086,311,3624.35,,0.409
rec_0571,C608,merchant_test_001,2026-08-16T14:05:00,checkout_abandonment,950,address_dropoff,technical_issue,recoverable,retry_prompt,send_retry_link,1/2,success,950.0,recovered,customer_paid,netbanking,1,0.347,323,1791.08,,0.426
rec_0037,C944,merchant_test_001,2026-08-05T09:21:00,subscription_failure,150,risk_declined,hard_decline,not_recoverable,write_off,no_action,0/0,not_attempted,0.0,not_recovered,predicted_not_recoverable_skipped,wallet,1,0.29,1,2062.43,,0.089
rec_0311,C255,merchant_test_001,2026-08-25T05:55:00,payment_failure,1100,3ds_failure,technical_issue,recoverable,retry_later,retry_payment,3/3,failure,0.0,failed,max_retries_reached,emi,1,0.019,169,1462.55,,0.472
rec_0008,C950,merchant_test_001,2026-08-10T09:20:00,payment_failure,1450,issuer_down,technical_issue,recoverable,retry_later,retry_payment,1/3,success,1450.0,recovered,payment_success,netbanking,2,0.189,63,2205.46,,0.518
rec_0460,C460,merchant_test_001,2026-08-23T09:23:00,overdue_invoice,19950,overdue_1_30d,customer_hesitation,recoverable,send_payment_reminder,send_invoice_reminder,3/3,failure,0.0,failed,max_retries_reached,invoice,0,0.123,115,5329.68,11.0,0.651
rec_0020,C898,merchant_test_001,2026-08-07T11:09:00,subscription_failure,550,card_expired,hard_decline,not_recoverable,write_off,no_action,0/0,not_attempted,0.0,not_recovered,predicted_not_recoverable_skipped,upi,0,0.17,13,15943.3,,0.199
rec_0511,C698,merchant_test_001,2026-08-18T10:15:00,subscription_failure,850,bank_timeout,hard_decline,recoverable,offer_alternate_payment,send_payment_link,1/1,failure,0.0,failed,max_retries_reached,card,0,0.382,199,646.15,,0.569
rec_0590,C862,merchant_test_001,2026-08-07T02:51:00,payment_failure,900,3ds_failure,technical_issue,recoverable,retry_later,retry_payment,1/3,success,900.0,recovered,payment_success,wallet,0,0.356,349,3738.44,,0.719
rec_0039,C849,merchant_test_001,2026-08-04T09:07:00,subscription_failure,300,mandate_limit_exceeded,soft_decline,not_recoverable,write_off,no_action,0/0,not_attempted,0.0,not_recovered,predicted_not_recoverable_skipped,upi,2,0.18,10,9342.49,,0.068
rec_0265,C522,merchant_test_001,2026-08-01T09:04:00,checkout_abandonment,400,cart_dropoff,customer_hesitation,recoverable,send_reminder,send_whatsapp_reminder,2/2,success,400.0,recovered,customer_paid,netbanking,0,0.158,337,400.97,,0.459
rec_0154,C753,merchant_test_001,2026-08-16T14:01:00,overdue_invoice,12600,overdue_1_30d,customer_hesitation,recoverable,send_payment_reminder,send_invoice_reminder,1/3,success,12600.0,recovered,customer_paid,invoice,0,0.151,192,2795.86,6.0,0.815
rec_0073,C363,merchant_test_001,2026-08-05T09:49:00,checkout_abandonment,250,cart_dropoff,customer_hesitation,not_recoverable,soft_reminder_low_priority,send_email_reminder,1/1,success,250.0,recovered,customer_paid,card,1,0.344,104,268.55,,0.28
rec_0078,C253,merchant_test_001,2026-08-12T18:21:00,subscription_failure,900,mandate_limit_exceeded,hard_decline,not_recoverable,write_off,no_action,0/0,not_attempted,0.0,not_recovered,predicted_not_recoverable_skipped,emi,1,0.082,305,27745.76,,0.03
rec_0375,C605,merchant_test_001,2026-08-03T07:16:00,checkout_abandonment,450,address_dropoff,customer_hesitation,not_recoverable,soft_reminder_low_priority,send_email_reminder,1/1,failure,0.0,failed,max_retries_reached,wallet,1,0.412,58,8586.55,,0.03
rec_0469,C866,merchant_test_001,2026-08-18T21:32:00,payment_failure,550,bank_timeout,technical_issue,recoverable,retry_later,retry_payment,1/3,failure,0.0,stopped,customer_opted_out,emi,1,0.106,280,3903.62,,0.57
rec_0244,C310,merchant_test_001,2026-08-21T13:59:00,overdue_invoice,9100,overdue_60d_plus,customer_hesitation,recoverable,send_payment_reminder,send_invoice_reminder,3/3,failure,0.0,failed,max_retries_reached,invoice,0,0.406,269,1023.66,41.0,0.428
rec_0177,C178,merchant_test_001,2026-08-18T09:21:00,overdue_invoice,24200,overdue_1_30d,soft_decline,not_recoverable,write_off,no_action,0/0,not_attempted,0.0,not_recovered,predicted_not_recoverable_skipped,invoice,1,0.261,225,2304.03,36.0,0.393
rec_0243,C602,merchant_test_001,2026-08-20T14:06:00,payment_failure,3450,network_error,technical_issue,recoverable,retry_later,retry_payment,1/3,success,3450.0,recovered,payment_success,upi,0,0.091,47,485.75,,0.736
rec_0155,C566,merchant_test_001,2026-08-24T12:11:00,subscription_failure,1850,card_expired,hard_decline,not_recoverable,write_off,no_action,0/0,not_attempted,0.0,not_recovered,predicted_not_recoverable_skipped,wallet,0,0.257,104,7819.62,,0.286
rec_0046,C878,merchant_test_001,2026-08-06T14:27:00,payment_failure,650,otp_failure,soft_decline,not_recoverable,write_off,no_action,0/0,not_attempted,0.0,not_recovered,predicted_not_recoverable_skipped,wallet,0,0.545,322,2763.45,,0.397
rec_0099,C456,merchant_test_001,2026-08-10T18:26:00,checkout_abandonment,1200,payment_selection_dropoff,customer_hesitation,recoverable,send_reminder,send_whatsapp_reminder,2/2,failure,0.0,failed,max_retries_reached,upi,2,0.32,339,322.56,,0.66
rec_0423,C241,merchant_test_001,2026-08-08T08:23:00,payment_failure,400,issuer_down,technical_issue,recoverable,retry_later,retry_payment,1/3,success,400.0,recovered,payment_success,wallet,0,0.227,162,3679.31,,0.664
rec_0552,C830,merchant_test_001,2026-08-06T08:27:00,checkout_abandonment,250,address_dropoff,customer_hesitation,recoverable,send_reminder,send_whatsapp_reminder,2/2,failure,0.0,stopped,customer_opted_out,netbanking,0,0.386,24,6678.41,,0.406
rec_0300,C305,merchant_test_001,2026-08-09T15:17:00,payment_failure,100,insufficient_funds,hard_decline,recoverable,offer_alternate_payment,send_payment_link,1/1,success,100.0,recovered,customer_paid,wallet,0,0.196,336,534.44,,0.703
rec_0583,C592,merchant_test_001,2026-08-08T12:31:00,payment_failure,550,card_expired,soft_decline,not_recoverable,write_off,no_action,0/0,not_attempted,0.0,not_recovered,predicted_not_recoverable_skipped,emi,3,0.308,317,5465.13,,0.03
rec_0277,C183,merchant_test_001,2026-08-04T12:21:00,payment_failure,1800,otp_failure,soft_decline,not_recoverable,write_off,no_action,0/0,not_attempted,0.0,not_recovered,predicted_not_recoverable_skipped,netbanking,0,0.143,202,3431.11,,0.338
rec_0212,C292,merchant_test_001,2026-08-22T01:02:00,subscription_failure,700,risk_declined,hard_decline,not_recoverable,write_off,no_action,0/0,not_attempted,0.0,not_recovered,predicted_not_recoverable_skipped,card,1,0.572,397,18090.82,,0.03
rec_0038,C253,merchant_test_001,2026-08-21T21:30:00,payment_failure,50,3ds_failure,technical_issue,recoverable,retry_later,retry_payment,3/3,failure,0.0,failed,max_retries_reached,wallet,0,0.264,299,7084.33,,0.566
rec_0052,C233,merchant_test_001,2026-08-25T10:36:00,payment_failure,450,bank_timeout,technical_issue,not_recoverable,write_off,no_action,0/0,not_attempted,0.0,not_recovered,predicted_not_recoverable_skipped,upi,2,0.278,235,2733.61,,0.391
rec_0381,C585,merchant_test_001,2026-08-06T02:02:00,subscription_failure,800,mandate_limit_exceeded,hard_decline,not_recoverable,write_off,no_action,0/0,not_attempted,0.0,not_recovered,predicted_not_recoverable_skipped,netbanking,0,0.443,298,8374.04,,0.03
rec_0117,C689,merchant_test_001,2026-08-16T10:34:00,checkout_abandonment,800,cart_dropoff,customer_hesitation,not_recoverable,soft_reminder_low_priority,send_email_reminder,1/1,success,800.0,recovered,customer_paid,netbanking,2,0.462,122,2917.84,,0.122
rec_0146,C771,merchant_test_001,2026-08-23T06:26:00,checkout_abandonment,2500,otp_dropoff,customer_hesitation,recoverable,send_reminder,send_whatsapp_reminder,1/2,success,2500.0,recovered,customer_paid,upi,3,0.526,227,4587.14,,0.756
rec_0307,C527,merchant_test_001,2026-08-04T23:01:00,subscription_failure,1450,bank_timeout,technical_issue,recoverable,retry_later,retry_payment,1/3,success,1450.0,recovered,payment_success,netbanking,1,0.136,140,4765.48,,0.738
rec_0033,C112,merchant_test_001,2026-08-23T10:04:00,payment_failure,700,otp_failure,technical_issue,not_recoverable,write_off,no_action,0/0,not_attempted,0.0,not_recovered,predicted_not_recoverable_skipped,emi,0,0.032,195,1869.17,,0.397
rec_0558,C633,merchant_test_001,2026-08-04T00:51:00,overdue_invoice,5450,overdue_60d_plus,customer_hesitation,recoverable,send_payment_reminder,send_invoice_reminder,1/3,success,5450.0,recovered,customer_paid,invoice,1,0.139,158,4106.64,16.0,0.628
rec_0048,C996,merchant_test_001,2026-08-10T22:21:00,overdue_invoice,22700,overdue_1_30d,hard_decline,not_recoverable,write_off,no_action,0/0,not_attempted,0.0,not_recovered,predicted_not_recoverable_skipped,invoice,0,0.457,244,1083.39,56.0,0.127
rec_0330,C421,merchant_test_001,2026-08-15T05:14:00,payment_failure,1100,risk_declined,hard_decline,not_recoverable,write_off,no_action,0/0,not_attempted,0.0,not_recovered,predicted_not_recoverable_skipped,netbanking,0,0.108,92,3046.25,,0.161
rec_0468,C838,merchant_test_001,2026-08-07T17:57:00,payment_failure,450,network_error,technical_issue,recoverable,retry_later,retry_payment,1/3,failure,0.0,stopped,customer_opted_out,netbanking,1,0.433,184,6203.36,,0.488
rec_0034,C123,merchant_test_001,2026-08-22T00:07:00,payment_failure,250,bank_timeout,soft_decline,recoverable,retry_now,retry_payment,2/2,success,250.0,recovered,payment_success,emi,0,0.2,183,4946.81,,0.703
rec_0563,C922,merchant_test_001,2026-08-15T21:36:00,subscription_failure,3100,insufficient_funds,soft_decline,recoverable,retry_alternate_method,retry_payment_alt_method,2/2,success,3100.0,recovered,payment_success,wallet,0,0.38,136,3483.07,,0.537
rec_0207,C134,merchant_test_001,2026-08-15T21:58:00,overdue_invoice,6400,overdue_31_60d,customer_hesitation,recoverable,send_payment_reminder,send_invoice_reminder,1/3,success,6400.0,recovered,customer_paid,invoice,4,0.217,319,2426.43,40.0,0.549
rec_0368,C293,merchant_test_001,2026-08-18T02:34:00,checkout_abandonment,550,cart_dropoff,soft_decline,recoverable,send_reminder,send_sms_reminder,1/2,success,550.0,recovered,customer_paid,netbanking,1,0.058,283,2656.64,,0.658
rec_0000,C623,merchant_test_001,2026-08-23T20:13:00,checkout_abandonment,500,payment_selection_dropoff,customer_hesitation,recoverable,send_reminder,send_whatsapp_reminder,1/2,success,500.0,recovered,customer_paid,netbanking,0,0.077,47,5109.34,,0.93
rec_0115,C522,merchant_test_001,2026-08-09T11:45:00,payment_failure,2700,card_expired,hard_decline,not_recoverable,write_off,no_action,0/0,not_attempted,0.0,not_recovered,predicted_not_recoverable_skipped,netbanking,0,0.308,230,7563.02,,0.196
rec_0478,C203,merchant_test_001,2026-08-12T11:33:00,subscription_failure,250,bank_timeout,technical_issue,recoverable,retry_later,retry_payment,1/3,success,250.0,recovered,payment_success,card,1,0.16,252,25596.08,,0.732
rec_0049,C762,merchant_test_001,2026-08-20T01:59:00,checkout_abandonment,900,payment_selection_dropoff,customer_hesitation,recoverable,send_reminder,send_whatsapp_reminder,1/2,success,900.0,recovered,customer_paid,emi,0,0.111,160,1465.93,,0.57
rec_0118,C324,merchant_test_001,2026-08-19T06:56:00,checkout_abandonment,2500,address_dropoff,customer_hesitation,recoverable,send_reminder,send_whatsapp_reminder,2/2,success,2500.0,recovered,customer_paid,wallet,0,0.206,329,2713.03,,0.705
rec_0589,C112,merchant_test_001,2026-08-18T19:10:00,payment_failure,150,otp_failure,hard_decline,recoverable,offer_alternate_payment,send_payment_link,1/1,success,150.0,recovered,customer_paid,upi,1,0.243,205,5415.76,,0.441
rec_0021,C532,merchant_test_001,2026-08-06T23:30:00,checkout_abandonment,200,payment_selection_dropoff,customer_hesitation,recoverable,send_reminder,send_whatsapp_reminder,1/2,success,200.0,recovered,customer_paid,wallet,0,0.515,65,2378.34,,0.778
rec_0234,C861,merchant_test_001,2026-08-16T10:11:00,checkout_abandonment,650,payment_selection_dropoff,customer_hesitation,recoverable,send_reminder,send_whatsapp_reminder,2/2,failure,0.0,failed,max_retries_reached,wallet,0,0.643,192,5533.8,,0.765
rec_0245,C309,merchant_test_001,2026-08-04T22:44:00,subscription_failure,550,risk_declined,hard_decline,not_recoverable,write_off,no_action,0/0,not_attempted,0.0,not_recovered,predicted_not_recoverable_skipped,upi,0,0.344,326,417.18,,0.397
rec_0065,C907,merchant_test_001,2026-08-25T18:25:00,payment_failure,100,otp_failure,soft_decline,recoverable,retry_now,retry_payment,2/2,failure,0.0,failed,max_retries_reached,netbanking,0,0.233,397,43673.99,,0.675
rec_0372,C341,merchant_test_001,2026-08-16T19:39:00,subscription_failure,1350,insufficient_funds,soft_decline,not_recoverable,write_off,no_action,0/0,not_attempted,0.0,not_recovered,predicted_not_recoverable_skipped,emi,2,0.471,234,7878.25,,0.345
rec_0420,C568,merchant_test_001,2026-08-17T16:38:00,payment_failure,250,risk_declined,customer_hesitation,not_recoverable,soft_reminder_low_priority,send_email_reminder,1/1,failure,0.0,failed,max_retries_reached,emi,1,0.318,241,5090.3,,0.03
rec_0333,C856,merchant_test_001,2026-08-10T16:18:00,subscription_failure,3500,mandate_limit_exceeded,hard_decline,not_recoverable,write_off,no_action,0/0,not_attempted,0.0,not_recovered,predicted_not_recoverable_skipped,card,0,0.405,252,9412.38,,0.253
rec_0331,C217,merchant_test_001,2026-08-02T16:22:00,payment_failure,1300,network_error,soft_decline,recoverable,retry_now,retry_payment,1/2,success,1300.0,recovered,payment_success,emi,0,0.135,53,2413.91,,0.97
rec_0197,C836,merchant_test_001,2026-08-25T08:09:00,payment_failure,700,card_expired,hard_decline,not_recoverable,write_off,no_action,0/0,not_attempted,0.0,not_recovered,predicted_not_recoverable_skipped,wallet,2,0.241,23,12775.94,,0.131
rec_0003,C630,merchant_test_001,2026-08-17T14:06:00,overdue_invoice,66200,overdue_31_60d,customer_hesitation,not_recoverable,soft_reminder_low_priority,send_email_reminder,1/1,success,66200.0,recovered,customer_paid,invoice,0,0.286,23,6210.35,35.0,0.35
rec_0086,C416,merchant_test_001,2026-08-21T04:44:00,payment_failure,100,issuer_down,technical_issue,recoverable,retry_later,retry_payment,1/3,success,100.0,recovered,payment_success,card,2,0.56,333,185.87,,0.892
rec_0447,C366,merchant_test_001,2026-08-16T05:08:00,payment_failure,200,bank_timeout,technical_issue,recoverable,retry_later,retry_payment,3/3,failure,0.0,failed,max_retries_reached,wallet,1,0.35,275,6356.68,,0.539
rec_0525,C383,merchant_test_001,2026-08-17T13:09:00,checkout_abandonment,3750,payment_selection_dropoff,customer_hesitation,recoverable,send_reminder,send_whatsapp_reminder,1/2,success,3750.0,recovered,customer_paid,card,2,0.242,232,2104.6,,0.916
rec_0219,C240,merchant_test_001,2026-08-13T16:20:00,overdue_invoice,21750,overdue_31_60d,hard_decline,not_recoverable,write_off,no_action,0/0,not_attempted,0.0,not_recovered,predicted_not_recoverable_skipped,invoice,0,0.202,280,1989.21,54.0,0.03
rec_0213,C408,merchant_test_001,2026-08-08T18:08:00,subscription_failure,1200,issuer_down,hard_decline,recoverable,offer_alternate_payment,send_payment_link,1/1,success,1200.0,recovered,customer_paid,upi,2,0.108,333,1509.82,,0.445
rec_0450,C224,merchant_test_001,2026-08-20T17:40:00,payment_failure,400,card_expired,hard_decline,not_recoverable,write_off,no_action,0/0,not_attempted,0.0,not_recovered,predicted_not_recoverable_skipped,wallet,0,0.085,234,9780.24,,0.127
rec_0404,C919,merchant_test_001,2026-08-19T12:04:00,payment_failure,800,network_error,technical_issue,recoverable,retry_later,retry_payment,3/3,success,800.0,recovered,payment_success,netbanking,0,0.147,16,10017.64,,0.683
rec_0109,C902,merchant_test_001,2026-08-08T02:20:00,checkout_abandonment,1400,payment_selection_dropoff,customer_hesitation,recoverable,send_reminder,send_whatsapp_reminder,1/2,success,1400.0,recovered,customer_paid,netbanking,0,0.396,303,36589.94,,0.792
rec_0001,C519,merchant_test_001,2026-08-18T14:20:00,overdue_invoice,9250,overdue_31_60d,hard_decline,not_recoverable,write_off,no_action,0/0,not_attempted,0.0,not_recovered,predicted_not_recoverable_skipped,invoice,0,0.207,395,2426.91,87.0,0.03
rec_0408,C355,merchant_test_001,2026-08-22T04:43:00,checkout_abandonment,450,cart_dropoff,customer_hesitation,not_recoverable,soft_reminder_low_priority,send_email_reminder,1/1,failure,0.0,failed,max_retries_reached,card,1,0.077,92,2488.58,,0.206
rec_0225,C228,merchant_test_001,2026-08-10T12:36:00,checkout_abandonment,500,cart_dropoff,customer_hesitation,not_recoverable,soft_reminder_low_priority,send_email_reminder,1/1,failure,0.0,failed,max_retries_reached,emi,1,0.165,296,617.22,,0.38
rec_0392,C864,merchant_test_001,2026-08-08T18:21:00,checkout_abandonment,350,otp_dropoff,customer_hesitation,recoverable,send_reminder,send_whatsapp_reminder,1/2,failure,0.0,stopped,customer_opted_out,wallet,2,0.056,70,1273.11,,0.97
rec_0275,C331,merchant_test_001,2026-08-16T14:11:00,payment_failure,1850,otp_failure,soft_decline,recoverable,retry_now,retry_payment,1/2,success,1850.0,recovered,payment_success,card,1,0.11,134,6414.47,,0.591
rec_0371,C317,merchant_test_001,2026-08-16T15:19:00,checkout_abandonment,1550,address_dropoff,customer_hesitation,recoverable,send_reminder,send_whatsapp_reminder,2/2,failure,0.0,failed,max_retries_reached,wallet,1,0.462,101,4331.09,,0.482
rec_0192,C893,merchant_test_001,2026-08-04T09:26:00,payment_failure,900,network_error,technical_issue,recoverable,retry_later,retry_payment,1/3,success,900.0,recovered,payment_success,netbanking,0,0.159,6,29212.0,,0.97
rec_0209,C825,merchant_test_001,2026-08-08T04:53:00,subscription_failure,700,bank_timeout,technical_issue,recoverable,retry_later,retry_payment,2/3,success,700.0,recovered,payment_success,card,1,0.404,49,41848.53,,0.552
rec_0347,C275,merchant_test_001,2026-08-18T13:25:00,payment_failure,600,issuer_down,hard_decline,recoverable,offer_alternate_payment,send_payment_link,1/1,success,600.0,recovered,customer_paid,card,0,0.562,127,16584.12,,0.579
rec_0497,C681,merchant_test_001,2026-08-17T16:35:00,overdue_invoice,12100,overdue_1_30d,hard_decline,not_recoverable,write_off,no_action,0/0,not_attempted,0.0,not_recovered,predicted_not_recoverable_skipped,invoice,0,0.495,156,1501.79,43.0,0.21
rec_0189,C839,merchant_test_001,2026-08-06T00:54:00,checkout_abandonment,700,payment_selection_dropoff,customer_hesitation,recoverable,send_reminder,send_whatsapp_reminder,1/2,success,700.0,recovered,customer_paid,card,0,0.33,90,1435.52,,0.78
rec_0170,C517,merchant_test_001,2026-08-22T20:03:00,payment_failure,2850,insufficient_funds,soft_decline,recoverable,retry_now,retry_payment,2/2,failure,0.0,failed,max_retries_reached,card,0,0.224,94,858.63,,0.426
rec_0230,C566,merchant_test_001,2026-08-23T13:59:00,subscription_failure,500,card_expired,hard_decline,not_recoverable,write_off,no_action,0/0,not_attempted,0.0,not_recovered,predicted_not_recoverable_skipped,wallet,0,0.014,147,1757.69,,0.232
rec_0204,C205,merchant_test_001,2026-08-19T06:08:00,payment_failure,850,issuer_down,technical_issue,recoverable,retry_later,retry_payment,1/3,success,850.0,recovered,payment_success,emi,2,0.13,289,439.65,,0.464
rec_0301,C313,merchant_test_001,2026-08-06T02:42:00,payment_failure,700,risk_declined,hard_decline,not_recoverable,write_off,no_action,0/0,not_attempted,0.0,not_recovered,predicted_not_recoverable_skipped,wallet,2,0.024,353,29654.51,,0.233
rec_0336,C421,merchant_test_001,2026-08-15T01:52:00,payment_failure,450,risk_declined,soft_decline,not_recoverable,write_off,no_action,0/0,not_attempted,0.0,not_recovered,predicted_not_recoverable_skipped,upi,0,0.191,267,526.78,,0.03
rec_0515,C872,merchant_test_001,2026-08-04T00:44:00,overdue_invoice,1800,overdue_60d_plus,hard_decline,not_recoverable,write_off,no_action,0/0,not_attempted,0.0,not_recovered,predicted_not_recoverable_skipped,invoice,1,0.328,180,6575.1,85.0,0.03
rec_0228,C793,merchant_test_001,2026-08-08T12:29:00,checkout_abandonment,1850,address_dropoff,customer_hesitation,recoverable,send_reminder,send_whatsapp_reminder,2/2,failure,0.0,failed,max_retries_reached,card,1,0.011,224,645.32,,0.466
rec_0370,C120,merchant_test_001,2026-08-02T20:23:00,subscription_failure,700,card_expired,soft_decline,not_recoverable,write_off,no_action,0/0,not_attempted,0.0,not_recovered,predicted_not_recoverable_skipped,emi,2,0.351,234,49423.0,,0.03
rec_0296,C271,merchant_test_001,2026-08-24T21:39:00,overdue_invoice,24450,overdue_31_60d,hard_decline,not_recoverable,write_off,no_action,0/0,not_attempted,0.0,not_recovered,predicted_not_recoverable_skipped,invoice,2,0.28,392,704.45,50.0,0.351
rec_0424,C973,merchant_test_001,2026-08-15T23:59:00,checkout_abandonment,1950,cart_dropoff,customer_hesitation,not_recoverable,soft_reminder_low_priority,send_email_reminder,1/1,failure,0.0,failed,max_retries_reached,wallet,1,0.238,294,1741.35,,0.065
rec_0113,C291,merchant_test_001,2026-08-21T05:48:00,checkout_abandonment,1850,otp_dropoff,customer_hesitation,recoverable,send_reminder,send_whatsapp_reminder,1/2,failure,0.0,stopped,customer_opted_out,wallet,1,0.156,8,6688.14,,0.826
rec_0369,C466,merchant_test_001,2026-08-18T17:20:00,subscription_failure,300,insufficient_funds,soft_decline,not_recoverable,write_off,no_action,0/0,not_attempted,0.0,not_recovered,predicted_not_recoverable_skipped,emi,0,0.234,2,10641.43,,0.041
rec_0299,C153,merchant_test_001,2026-08-11T22:56:00,checkout_abandonment,150,payment_selection_dropoff,customer_hesitation,recoverable,send_reminder,send_whatsapp_reminder,2/2,failure,0.0,stopped,customer_opted_out,netbanking,1,0.378,118,2168.15,,0.873
rec_0509,C976,merchant_test_001,2026-08-22T09:30:00,overdue_invoice,7450,overdue_60d_plus,customer_hesitation,recoverable,send_payment_reminder,send_invoice_reminder,2/3,success,7450.0,recovered,customer_paid,invoice,0,0.411,315,1781.3,1.0,0.97
rec_0293,C830,merchant_test_001,2026-08-04T14:32:00,overdue_invoice,3400,overdue_31_60d,soft_decline,not_recoverable,write_off,no_action,0/0,not_attempted,0.0,not_recovered,predicted_not_recoverable_skipped,invoice,2,0.302,366,4617.01,88.0,0.03
rec_0373,C580,merchant_test_001,2026-08-09T00:50:00,checkout_abandonment,1850,otp_dropoff,customer_hesitation,recoverable,send_reminder,send_whatsapp_reminder,1/2,success,1850.0,recovered,customer_paid,wallet,2,0.343,304,22725.12,,0.891
rec_0491,C200,merchant_test_001,2026-08-23T10:38:00,subscription_failure,2750,mandate_limit_exceeded,hard_decline,not_recoverable,write_off,no_action,0/0,not_attempted,0.0,not_recovered,predicted_not_recoverable_skipped,netbanking,0,0.102,359,7858.29,,0.031
rec_0537,C251,merchant_test_001,2026-08-03T21:18:00,checkout_abandonment,1550,payment_selection_dropoff,technical_issue,recoverable,retry_prompt,send_retry_link,1/2,success,1550.0,recovered,customer_paid,upi,0,0.226,341,306.26,,0.574
rec_0550,C389,merchant_test_001,2026-08-06T07:23:00,payment_failure,6000,network_error,technical_issue,recoverable,retry_later,retry_payment,3/3,failure,0.0,failed,max_retries_reached,netbanking,3,0.28,255,1859.87,,0.509
rec_0147,C357,merchant_test_001,2026-08-18T04:55:00,overdue_invoice,128450,overdue_31_60d,customer_hesitation,recoverable,send_payment_reminder,send_invoice_reminder,1/3,success,128450.0,recovered,customer_paid,invoice,3,0.191,237,3770.6,9.0,0.97
rec_0255,C345,merchant_test_001,2026-08-19T12:48:00,subscription_failure,850,bank_timeout,technical_issue,recoverable,retry_later,retry_payment,1/3,success,850.0,recovered,payment_success,card,0,0.12,300,27443.08,,0.766
rec_0239,C824,merchant_test_001,2026-08-22T11:50:00,overdue_invoice,7100,overdue_31_60d,hard_decline,not_recoverable,write_off,no_action,0/0,not_attempted,0.0,not_recovered,predicted_not_recoverable_skipped,invoice,0,0.394,355,1698.9,72.0,0.315
rec_0570,C985,merchant_test_001,2026-08-07T21:05:00,payment_failure,200,risk_declined,soft_decline,not_recoverable,write_off,no_action,0/0,not_attempted,0.0,not_recovered,predicted_not_recoverable_skipped,wallet,1,0.318,46,11920.61,,0.03
rec_0268,C270,merchant_test_001,2026-08-04T16:49:00,payment_failure,1250,card_expired,hard_decline,not_recoverable,write_off,no_action,0/0,not_attempted,0.0,not_recovered,predicted_not_recoverable_skipped,wallet,0,0.197,245,933.76,,0.041
rec_0149,C729,merchant_test_001,2026-08-08T21:53:00,checkout_abandonment,500,address_dropoff,customer_hesitation,recoverable,send_reminder,send_whatsapp_reminder,2/2,failure,0.0,failed,max_retries_reached,upi,0,0.332,314,482.2,,0.423
rec_0318,C845,merchant_test_001,2026-08-14T11:28:00,checkout_abandonment,1150,otp_dropoff,technical_issue,recoverable,retry_prompt,send_retry_link,1/2,success,1150.0,recovered,customer_paid,card,0,0.29,68,12810.62,,0.918
rec_0422,C129,merchant_test_001,2026-08-19T12:50:00,checkout_abandonment,7600,cart_dropoff,technical_issue,not_recoverable,write_off,no_action,0/0,not_attempted,0.0,not_recovered,predicted_not_recoverable_skipped,emi,1,0.742,15,2731.72,,0.03
rec_0236,C567,merchant_test_001,2026-08-14T11:39:00,payment_failure,2150,otp_failure,soft_decline,recoverable,retry_now,retry_payment,2/2,failure,0.0,failed,max_retries_reached,upi,0,0.12,26,1437.85,,0.626
rec_0261,C847,merchant_test_001,2026-08-16T20:51:00,payment_failure,200,bank_timeout,soft_decline,recoverable,retry_now,retry_payment,1/2,success,200.0,recovered,payment_success,netbanking,2,0.337,195,11259.46,,0.627
rec_0395,C450,merchant_test_001,2026-08-01T00:33:00,subscription_failure,150,insufficient_funds,soft_decline,recoverable,retry_alternate_method,retry_payment_alt_method,2/2,failure,0.0,failed,max_retries_reached,upi,1,0.201,144,5261.05,,0.518
rec_0453,C144,merchant_test_001,2026-08-05T05:07:00,subscription_failure,650,insufficient_funds,soft_decline,not_recoverable,write_off,no_action,0/0,not_attempted,0.0,not_recovered,predicted_not_recoverable_skipped,wallet,2,0.269,83,2674.81,,0.192
rec_0066,C373,merchant_test_001,2026-08-03T00:05:00,overdue_invoice,26700,overdue_31_60d,hard_decline,not_recoverable,write_off,no_action,0/0,not_attempted,0.0,not_recovered,predicted_not_recoverable_skipped,invoice,1,0.036,397,23275.52,59.0,0.03
rec_0232,C876,merchant_test_001,2026-08-01T08:34:00,payment_failure,300,otp_failure,soft_decline,recoverable,retry_now,retry_payment,1/2,success,300.0,recovered,payment_success,wallet,0,0.28,200,9016.59,,0.497
rec_0053,C885,merchant_test_001,2026-08-14T01:30:00,payment_failure,300,insufficient_funds,hard_decline,not_recoverable,write_off,no_action,0/0,not_attempted,0.0,not_recovered,predicted_not_recoverable_skipped,wallet,1,0.424,12,6931.72,,0.392
rec_0093,C673,merchant_test_001,2026-08-22T14:38:00,payment_failure,300,insufficient_funds,soft_decline,not_recoverable,write_off,no_action,0/0,not_attempted,0.0,not_recovered,predicted_not_recoverable_skipped,upi,0,0.151,396,1921.96,,0.337
rec_0103,C565,merchant_test_001,2026-08-17T16:13:00,subscription_failure,800,issuer_down,technical_issue,not_recoverable,write_off,no_action,0/0,not_attempted,0.0,not_recovered,predicted_not_recoverable_skipped,upi,1,0.483,356,2281.86,,0.22
rec_0186,C952,merchant_test_001,2026-08-20T18:33:00,payment_failure,650,risk_declined,hard_decline,not_recoverable,write_off,no_action,0/0,not_attempted,0.0,not_recovered,predicted_not_recoverable_skipped,emi,3,0.107,210,601.76,,0.251
rec_0069,C147,merchant_test_001,2026-08-05T21:19:00,subscription_failure,450,risk_declined,hard_decline,not_recoverable,write_off,no_action,0/0,not_attempted,0.0,not_recovered,predicted_not_recoverable_skipped,emi,1,0.094,349,4410.31,,0.08
rec_0040,C167,merchant_test_001,2026-08-18T01:47:00,payment_failure,1800,bank_timeout,technical_issue,recoverable,retry_later,retry_payment,1/3,success,1800.0,recovered,payment_success,netbanking,0,0.148,186,3229.72,,0.808
rec_0254,C621,merchant_test_001,2026-08-01T15:34:00,overdue_invoice,27550,overdue_31_60d,hard_decline,recoverable,escalate_to_collections,escalate_to_human,1/1,failure,0.0,escalated,escalated_unresolved,invoice,0,0.015,359,1172.29,26.0,0.628
rec_0488,C406,merchant_test_001,2026-08-05T19:24:00,checkout_abandonment,50,payment_selection_dropoff,customer_hesitation,recoverable,send_reminder,send_whatsapp_reminder,1/2,success,50.0,recovered,customer_paid,emi,0,0.402,126,2422.26,,0.92
rec_0054,C815,merchant_test_001,2026-08-25T00:06:00,payment_failure,150,3ds_failure,technical_issue,recoverable,retry_later,retry_payment,1/3,success,150.0,recovered,payment_success,wallet,1,0.441,50,29906.82,,0.59
rec_0298,C538,merchant_test_001,2026-08-12T00:17:00,overdue_invoice,6900,overdue_60d_plus,hard_decline,not_recoverable,write_off,no_action,0/0,not_attempted,0.0,not_recovered,predicted_not_recoverable_skipped,invoice,1,0.242,113,2490.37,62.0,0.116
rec_0341,C727,merchant_test_001,2026-08-20T13:07:00,overdue_invoice,6650,overdue_31_60d,hard_decline,not_recoverable,write_off,no_action,0/0,not_attempted,0.0,not_recovered,predicted_not_recoverable_skipped,invoice,0,0.657,98,9803.09,51.0,0.03
rec_0187,C627,merchant_test_001,2026-08-11T02:33:00,overdue_invoice,21550,overdue_60d_plus,customer_hesitation,recoverable,send_payment_reminder,send_invoice_reminder,1/3,success,21550.0,recovered,customer_paid,invoice,0,0.559,367,6538.75,13.0,0.782
rec_0596,C447,merchant_test_001,2026-08-18T15:15:00,payment_failure,850,insufficient_funds,hard_decline,recoverable,offer_alternate_payment,send_payment_link,1/1,failure,0.0,failed,max_retries_reached,wallet,0,0.031,206,12647.15,,0.411
rec_0156,C341,merchant_test_001,2026-08-25T07:27:00,overdue_invoice,14550,overdue_60d_plus,customer_hesitation,recoverable,send_payment_reminder,send_invoice_reminder,1/3,success,14550.0,recovered,customer_paid,invoice,0,0.116,154,1922.51,18.0,0.96
rec_0221,C831,merchant_test_001,2026-08-07T14:35:00,checkout_abandonment,2050,cart_dropoff,customer_hesitation,not_recoverable,soft_reminder_low_priority,send_email_reminder,1/1,failure,0.0,failed,max_retries_reached,card,0,0.051,249,1134.35,,0.396
rec_0442,C603,merchant_test_001,2026-08-21T05:32:00,payment_failure,400,bank_timeout,technical_issue,recoverable,retry_later,retry_payment,3/3,success,400.0,recovered,payment_success,wallet,1,0.09,98,1962.89,,0.687
rec_0386,C608,merchant_test_001,2026-08-03T22:02:00,payment_failure,450,card_expired,soft_decline,not_recoverable,write_off,no_action,0/0,not_attempted,0.0,not_recovered,predicted_not_recoverable_skipped,emi,0,0.07,85,13297.72,,0.03
rec_0044,C629,merchant_test_001,2026-08-02T16:11:00,overdue_invoice,23050,overdue_60d_plus,hard_decline,not_recoverable,write_off,no_action,0/0,not_attempted,0.0,not_recovered,predicted_not_recoverable_skipped,invoice,1,0.202,234,11368.96,67.0,0.114
rec_0057,C966,merchant_test_001,2026-08-13T04:02:00,overdue_invoice,19750,overdue_31_60d,hard_decline,not_recoverable,write_off,no_action,0/0,not_attempted,0.0,not_recovered,predicted_not_recoverable_skipped,invoice,2,0.204,144,2422.6,85.0,0.038
rec_0535,C517,merchant_test_001,2026-08-09T17:17:00,checkout_abandonment,800,address_dropoff,customer_hesitation,recoverable,send_reminder,send_whatsapp_reminder,1/2,success,800.0,recovered,customer_paid,upi,0,0.196,199,724.71,,0.677
rec_0379,C150,merchant_test_001,2026-08-08T03:03:00,checkout_abandonment,2600,otp_dropoff,customer_hesitation,recoverable,send_reminder,send_whatsapp_reminder,1/2,success,2600.0,recovered,customer_paid,emi,2,0.149,260,13148.05,,0.937
rec_0208,C250,merchant_test_001,2026-08-13T11:00:00,checkout_abandonment,1650,otp_dropoff,customer_hesitation,recoverable,send_reminder,send_whatsapp_reminder,1/2,success,1650.0,recovered,customer_paid,netbanking,1,0.198,259,927.48,,0.97
rec_0064,C559,merchant_test_001,2026-08-15T02:48:00,checkout_abandonment,300,address_dropoff,customer_hesitation,not_recoverable,soft_reminder_low_priority,send_email_reminder,1/1,failure,0.0,failed,max_retries_reached,emi,2,0.176,324,3692.94,,0.301
rec_0195,C420,merchant_test_001,2026-08-02T05:07:00,checkout_abandonment,350,cart_dropoff,customer_hesitation,not_recoverable,soft_reminder_low_priority,send_email_reminder,1/1,failure,0.0,failed,max_retries_reached,wallet,0,0.234,115,2344.46,,0.338
rec_0577,C610,merchant_test_001,2026-08-11T04:25:00,checkout_abandonment,1200,cart_dropoff,customer_hesitation,not_recoverable,soft_reminder_low_priority,send_email_reminder,1/1,success,1200.0,recovered,customer_paid,card,0,0.463,266,24462.63,,0.062
rec_0482,C594,merchant_test_001,2026-08-24T02:19:00,payment_failure,1250,issuer_down,soft_decline,recoverable,retry_now,retry_payment,2/2,failure,0.0,stopped,customer_opted_out,upi,3,0.103,211,537.93,,0.71
rec_0529,C593,merchant_test_001,2026-08-07T05:18:00,checkout_abandonment,550,cart_dropoff,customer_hesitation,not_recoverable,soft_reminder_low_priority,send_email_reminder,1/1,failure,0.0,failed,max_retries_reached,netbanking,0,0.455,187,4048.99,,0.226
rec_0151,C941,merchant_test_001,2026-08-12T04:20:00,payment_failure,750,otp_failure,soft_decline,recoverable,retry_now,retry_payment,2/2,failure,0.0,failed,max_retries_reached,emi,0,0.145,242,2813.18,,0.487
rec_0281,C155,merchant_test_001,2026-08-11T11:31:00,checkout_abandonment,150,payment_selection_dropoff,customer_hesitation,recoverable,send_reminder,send_whatsapp_reminder,1/2,success,150.0,recovered,customer_paid,card,2,0.109,315,2866.25,,0.887
rec_0394,C125,merchant_test_001,2026-08-14T19:53:00,subscription_failure,900,card_expired,hard_decline,not_recoverable,write_off,no_action,0/0,not_attempted,0.0,not_recovered,predicted_not_recoverable_skipped,card,0,0.5,393,3468.99,,0.03
rec_0397,C912,merchant_test_001,2026-08-12T15:24:00,payment_failure,700,bank_timeout,technical_issue,recoverable,retry_later,retry_payment,1/3,success,700.0,recovered,payment_success,wallet,1,0.102,347,985.31,,0.723
rec_0272,C887,merchant_test_001,2026-08-07T09:57:00,subscription_failure,2300,insufficient_funds,soft_decline,recoverable,retry_alternate_method,retry_payment_alt_method,1/2,success,2300.0,recovered,payment_success,card,0,0.179,194,1465.47,,0.547
rec_0474,C108,merchant_test_001,2026-08-11T23:54:00,payment_failure,300,issuer_down,technical_issue,recoverable,retry_later,retry_payment,3/3,failure,0.0,failed,max_retries_reached,card,2,0.445,33,4414.35,,0.46
rec_0432,C863,merchant_test_001,2026-08-15T15:40:00,subscription_failure,400,insufficient_funds,technical_issue,recoverable,retry_later,retry_payment,1/3,success,400.0,recovered,payment_success,card,1,0.105,224,7801.81,,0.415
rec_0132,C354,merchant_test_001,2026-08-25T09:39:00,checkout_abandonment,550,payment_selection_dropoff,customer_hesitation,recoverable,send_reminder,send_whatsapp_reminder,1/2,success,550.0,recovered,customer_paid,wallet,2,0.34,3,1887.24,,0.872
rec_0501,C369,merchant_test_001,2026-08-09T02:09:00,payment_failure,1000,network_error,soft_decline,recoverable,retry_now,retry_payment,2/2,success,1000.0,recovered,payment_success,emi,0,0.182,322,24207.47,,0.668
rec_0356,C484,merchant_test_001,2026-08-05T13:05:00,payment_failure,450,card_expired,hard_decline,not_recoverable,write_off,no_action,0/0,not_attempted,0.0,not_recovered,predicted_not_recoverable_skipped,upi,2,0.205,136,3354.54,,0.03
rec_0401,C722,merchant_test_001,2026-08-13T12:14:00,payment_failure,200,otp_failure,soft_decline,recoverable,retry_now,retry_payment,1/2,success,200.0,recovered,payment_success,emi,0,0.254,223,324.67,,0.598
rec_0357,C611,merchant_test_001,2026-08-15T18:26:00,checkout_abandonment,1000,payment_selection_dropoff,customer_hesitation,recoverable,send_reminder,send_whatsapp_reminder,2/2,success,1000.0,recovered,customer_paid,upi,2,0.22,317,3029.91,,0.481
rec_0215,C466,merchant_test_001,2026-08-04T23:09:00,overdue_invoice,9900,overdue_60d_plus,hard_decline,not_recoverable,write_off,no_action,0/0,not_attempted,0.0,not_recovered,predicted_not_recoverable_skipped,invoice,0,0.156,152,2645.98,67.0,0.066
rec_0360,C238,merchant_test_001,2026-08-25T16:46:00,subscription_failure,2800,risk_declined,hard_decline,not_recoverable,write_off,no_action,0/0,not_attempted,0.0,not_recovered,predicted_not_recoverable_skipped,wallet,1,0.6,316,10416.31,,0.03
rec_0574,C483,merchant_test_001,2026-08-12T09:36:00,subscription_failure,1250,insufficient_funds,soft_decline,not_recoverable,write_off,no_action,0/0,not_attempted,0.0,not_recovered,predicted_not_recoverable_skipped,emi,1,0.214,244,2015.14,,0.364
rec_0337,C111,merchant_test_001,2026-08-10T13:18:00,overdue_invoice,25900,overdue_31_60d,customer_hesitation,not_recoverable,soft_reminder_low_priority,send_email_reminder,1/1,failure,0.0,failed,max_retries_reached,invoice,1,0.738,84,3016.38,45.0,0.399
rec_0403,C209,merchant_test_001,2026-08-17T03:02:00,overdue_invoice,4400,overdue_31_60d,hard_decline,not_recoverable,write_off,no_action,0/0,not_attempted,0.0,not_recovered,predicted_not_recoverable_skipped,invoice,3,0.282,365,9523.06,82.0,0.03
rec_0090,C547,merchant_test_001,2026-08-18T06:26:00,payment_failure,300,card_expired,soft_decline,not_recoverable,write_off,no_action,0/0,not_attempted,0.0,not_recovered,predicted_not_recoverable_skipped,netbanking,1,0.071,312,2029.69,,0.03
rec_0534,C995,merchant_test_001,2026-08-20T08:21:00,overdue_invoice,9450,overdue_60d_plus,customer_hesitation,recoverable,send_payment_reminder,send_invoice_reminder,2/3,success,9450.0,recovered,customer_paid,invoice,0,0.167,149,1001.3,21.0,0.781
rec_0581,C781,merchant_test_001,2026-08-14T14:08:00,overdue_invoice,14650,overdue_31_60d,customer_hesitation,recoverable,send_payment_reminder,send_invoice_reminder,1/3,success,14650.0,recovered,customer_paid,invoice,0,0.312,246,4395.24,30.0,0.432
rec_0398,C690,merchant_test_001,2026-08-10T17:19:00,subscription_failure,750,risk_declined,customer_hesitation,not_recoverable,soft_reminder_low_priority,send_email_reminder,1/1,failure,0.0,failed,max_retries_reached,wallet,1,0.499,145,8804.13,,0.03
rec_0416,C231,merchant_test_001,2026-08-10T13:38:00,subscription_failure,250,bank_timeout,technical_issue,recoverable,retry_later,retry_payment,3/3,failure,0.0,failed,max_retries_reached,upi,0,0.375,264,2288.0,,0.552
rec_0477,C521,merchant_test_001,2026-08-17T09:35:00,overdue_invoice,5450,overdue_1_30d,soft_decline,not_recoverable,write_off,no_action,0/0,not_attempted,0.0,not_recovered,predicted_not_recoverable_skipped,invoice,0,0.478,24,11813.51,43.0,0.345
rec_0015,C217,merchant_test_001,2026-08-22T10:35:00,payment_failure,50,network_error,technical_issue,recoverable,retry_later,retry_payment,1/3,success,50.0,recovered,payment_success,emi,1,0.126,32,2810.71,,0.736
rec_0140,C441,merchant_test_001,2026-08-02T11:13:00,subscription_failure,300,mandate_limit_exceeded,hard_decline,not_recoverable,write_off,no_action,0/0,not_attempted,0.0,not_recovered,predicted_not_recoverable_skipped,netbanking,1,0.284,39,14160.84,,0.13
rec_0523,C841,merchant_test_001,2026-08-24T10:46:00,payment_failure,950,issuer_down,soft_decline,recoverable,retry_now,retry_payment,1/2,success,950.0,recovered,payment_success,card,0,0.336,346,5354.96,,0.781
rec_0122,C913,merchant_test_001,2026-08-23T04:09:00,payment_failure,250,otp_failure,technical_issue,recoverable,retry_later,retry_payment,1/3,success,250.0,recovered,payment_success,upi,1,0.184,102,2516.22,,0.636
rec_0584,C118,merchant_test_001,2026-08-05T04:21:00,payment_failure,500,3ds_failure,technical_issue,recoverable,retry_later,retry_payment,2/3,success,500.0,recovered,payment_success,wallet,3,0.123,10,1374.49,,0.65
rec_0510,C381,merchant_test_001,2026-08-16T22:10:00,checkout_abandonment,400,cart_dropoff,customer_hesitation,recoverable,send_reminder,send_whatsapp_reminder,1/2,success,400.0,recovered,customer_paid,upi,1,0.204,394,833.61,,0.775
rec_0549,C126,merchant_test_001,2026-08-04T13:46:00,overdue_invoice,20850,overdue_60d_plus,hard_decline,not_recoverable,write_off,no_action,0/0,not_attempted,0.0,not_recovered,predicted_not_recoverable_skipped,invoice,1,0.105,123,5329.47,85.0,0.03
rec_0012,C213,merchant_test_001,2026-08-17T05:11:00,subscription_failure,2600,mandate_limit_exceeded,hard_decline,not_recoverable,write_off,no_action,0/0,not_attempted,0.0,not_recovered,predicted_not_recoverable_skipped,upi,1,0.262,231,7321.55,,0.03
rec_0485,C702,merchant_test_001,2026-08-12T09:15:00,subscription_failure,400,card_expired,hard_decline,not_recoverable,write_off,no_action,0/0,not_attempted,0.0,not_recovered,predicted_not_recoverable_skipped,emi,0,0.279,273,732.27,,0.03
rec_0127,C395,merchant_test_001,2026-08-18T07:16:00,payment_failure,200,bank_timeout,technical_issue,recoverable,retry_later,retry_payment,2/3,failure,0.0,stopped,customer_opted_out,upi,0,0.019,273,3473.07,,0.583
rec_0454,C627,merchant_test_001,2026-08-08T08:46:00,payment_failure,150,card_expired,hard_decline,not_recoverable,write_off,no_action,0/0,not_attempted,0.0,not_recovered,predicted_not_recoverable_skipped,upi,0,0.196,27,15414.7,,0.03
rec_0513,C183,merchant_test_001,2026-08-23T03:50:00,subscription_failure,750,insufficient_funds,soft_decline,recoverable,retry_alternate_method,retry_payment_alt_method,1/2,failure,0.0,stopped,customer_opted_out,emi,0,0.162,151,6030.61,,0.693
rec_0597,C512,merchant_test_001,2026-08-02T06:00:00,payment_failure,1050,issuer_down,technical_issue,recoverable,retry_later,retry_payment,1/3,success,1050.0,recovered,payment_success,upi,2,0.489,155,4188.78,,0.461
rec_0588,C882,merchant_test_001,2026-08-22T20:04:00,overdue_invoice,5450,overdue_31_60d,customer_hesitation,recoverable,send_payment_reminder,send_invoice_reminder,1/3,success,5450.0,recovered,customer_paid,invoice,1,0.432,5,8703.69,39.0,0.517
rec_0006,C998,merchant_test_001,2026-08-01T19:01:00,subscription_failure,200,insufficient_funds,soft_decline,recoverable,retry_alternate_method,retry_payment_alt_method,2/2,failure,0.0,failed,max_retries_reached,emi,0,0.056,173,1194.05,,0.445
rec_0210,C997,merchant_test_001,2026-08-23T23:29:00,payment_failure,1000,issuer_down,technical_issue,recoverable,retry_later,retry_payment,1/3,success,1000.0,recovered,payment_success,upi,2,0.106,246,1202.49,,0.789
rec_0467,C389,merchant_test_001,2026-08-13T02:53:00,payment_failure,850,risk_declined,hard_decline,not_recoverable,write_off,no_action,0/0,not_attempted,0.0,not_recovered,predicted_not_recoverable_skipped,card,3,0.197,232,1255.63,,0.03
rec_0319,C419,merchant_test_001,2026-08-06T23:16:00,payment_failure,400,card_expired,hard_decline,not_recoverable,write_off,no_action,0/0,not_attempted,0.0,not_recovered,predicted_not_recoverable_skipped,upi,1,0.094,161,1826.64,,0.03
rec_0031,C672,merchant_test_001,2026-08-21T18:30:00,payment_failure,250,bank_timeout,technical_issue,recoverable,retry_later,retry_payment,3/3,failure,0.0,failed,max_retries_reached,upi,2,0.42,22,2881.33,,0.482
rec_0591,C818,merchant_test_001,2026-08-12T11:35:00,subscription_failure,200,bank_timeout,technical_issue,recoverable,retry_later,retry_payment,1/3,success,200.0,recovered,payment_success,netbanking,1,0.215,14,23662.87,,0.755
rec_0561,C588,merchant_test_001,2026-08-25T12:33:00,overdue_invoice,39100,overdue_1_30d,soft_decline,not_recoverable,write_off,no_action,0/0,not_attempted,0.0,not_recovered,predicted_not_recoverable_skipped,invoice,0,0.65,288,7877.9,68.0,0.241
rec_0361,C376,merchant_test_001,2026-08-03T13:08:00,payment_failure,1100,card_expired,soft_decline,not_recoverable,write_off,no_action,0/0,not_attempted,0.0,not_recovered,predicted_not_recoverable_skipped,netbanking,1,0.251,215,9131.82,,0.219
rec_0355,C551,merchant_test_001,2026-08-16T04:37:00,payment_failure,750,risk_declined,hard_decline,not_recoverable,write_off,no_action,0/0,not_attempted,0.0,not_recovered,predicted_not_recoverable_skipped,upi,1,0.106,340,3238.19,,0.165
rec_0018,C448,merchant_test_001,2026-08-12T00:20:00,checkout_abandonment,400,address_dropoff,customer_hesitation,recoverable,send_reminder,send_whatsapp_reminder,1/2,success,400.0,recovered,customer_paid,upi,1,0.218,337,1935.67,,0.451
rec_0396,C508,merchant_test_001,2026-08-02T09:05:00,checkout_abandonment,250,otp_dropoff,customer_hesitation,recoverable,send_reminder,send_whatsapp_reminder,1/2,success,250.0,recovered,customer_paid,wallet,0,0.72,225,2997.6,,0.97
rec_0165,C250,merchant_test_001,2026-08-03T18:44:00,subscription_failure,2400,insufficient_funds,soft_decline,recoverable,retry_alternate_method,retry_payment_alt_method,1/2,success,2400.0,recovered,payment_success,wallet,0,0.372,130,5200.43,,0.532
rec_0227,C365,merchant_test_001,2026-08-03T15:57:00,checkout_abandonment,1500,payment_selection_dropoff,technical_issue,recoverable,retry_prompt,send_retry_link,1/2,success,1500.0,recovered,customer_paid,card,0,0.125,366,749.42,,0.97
rec_0506,C943,merchant_test_001,2026-08-23T18:53:00,payment_failure,350,otp_failure,soft_decline,not_recoverable,write_off,no_action,0/0,not_attempted,0.0,not_recovered,predicted_not_recoverable_skipped,card,2,0.159,22,2975.37,,0.296
rec_0263,C678,merchant_test_001,2026-08-03T12:23:00,subscription_failure,250,mandate_limit_exceeded,hard_decline,not_recoverable,write_off,no_action,0/0,not_attempted,0.0,not_recovered,predicted_not_recoverable_skipped,netbanking,0,0.398,334,8812.62,,0.218
rec_0559,C438,merchant_test_001,2026-08-23T16:24:00,subscription_failure,400,issuer_down,technical_issue,recoverable,retry_later,retry_payment,1/3,success,400.0,recovered,payment_success,netbanking,2,0.039,331,522.85,,0.609
rec_0206,C825,merchant_test_001,2026-08-22T00:41:00,overdue_invoice,42750,overdue_1_30d,hard_decline,not_recoverable,write_off,no_action,0/0,not_attempted,0.0,not_recovered,predicted_not_recoverable_skipped,invoice,0,0.274,6,3314.94,46.0,0.2
rec_0321,C857,merchant_test_001,2026-08-23T20:04:00,payment_failure,1050,issuer_down,hard_decline,not_recoverable,write_off,no_action,0/0,not_attempted,0.0,not_recovered,predicted_not_recoverable_skipped,card,0,0.313,118,2126.78,,0.322
rec_0247,C847,merchant_test_001,2026-08-15T12:08:00,overdue_invoice,23850,overdue_60d_plus,soft_decline,not_recoverable,write_off,no_action,0/0,not_attempted,0.0,not_recovered,predicted_not_recoverable_skipped,invoice,1,0.648,13,924.03,56.0,0.094
rec_0412,C547,merchant_test_001,2026-08-14T05:46:00,checkout_abandonment,1450,address_dropoff,soft_decline,recoverable,send_reminder,send_sms_reminder,2/2,failure,0.0,failed,max_retries_reached,emi,0,0.227,47,2159.72,,0.491
rec_0314,C292,merchant_test_001,2026-08-12T10:47:00,checkout_abandonment,1000,otp_dropoff,technical_issue,recoverable,retry_prompt,send_retry_link,1/2,success,1000.0,recovered,customer_paid,upi,0,0.188,321,3238.6,,0.97
rec_0278,C577,merchant_test_001,2026-08-15T08:37:00,payment_failure,150,bank_timeout,technical_issue,recoverable,retry_later,retry_payment,2/3,success,150.0,recovered,payment_success,upi,0,0.658,350,4725.65,,0.622
rec_0023,C780,merchant_test_001,2026-08-22T21:06:00,payment_failure,250,insufficient_funds,soft_decline,not_recoverable,write_off,no_action,0/0,not_attempted,0.0,not_recovered,predicted_not_recoverable_skipped,card,2,0.324,304,5249.94,,0.307
rec_0435,C997,merchant_test_001,2026-08-05T22:58:00,checkout_abandonment,300,payment_selection_dropoff,soft_decline,recoverable,send_reminder,send_sms_reminder,2/2,failure,0.0,failed,max_retries_reached,card,1,0.425,110,7074.59,,0.534
rec_0283,C834,merchant_test_001,2026-08-03T11:58:00,overdue_invoice,9650,overdue_60d_plus,soft_decline,not_recoverable,write_off,no_action,0/0,not_attempted,0.0,not_recovered,predicted_not_recoverable_skipped,invoice,0,0.293,56,8006.07,67.0,0.03
rec_0167,C103,merchant_test_001,2026-08-12T18:24:00,checkout_abandonment,1350,otp_dropoff,technical_issue,recoverable,retry_prompt,send_retry_link,1/2,success,1350.0,recovered,customer_paid,card,1,0.192,61,991.65,,0.78
rec_0251,C511,merchant_test_001,2026-08-22T12:47:00,subscription_failure,500,bank_timeout,technical_issue,recoverable,retry_later,retry_payment,2/3,success,500.0,recovered,payment_success,emi,0,0.151,98,487.2,,0.625
rec_0388,C674,merchant_test_001,2026-08-25T18:42:00,checkout_abandonment,650,payment_selection_dropoff,customer_hesitation,recoverable,send_reminder,send_whatsapp_reminder,1/2,success,650.0,recovered,customer_paid,upi,1,0.15,335,3814.78,,0.714
rec_0111,C187,merchant_test_001,2026-08-08T14:57:00,checkout_abandonment,1500,cart_dropoff,customer_hesitation,not_recoverable,soft_reminder_low_priority,send_email_reminder,1/1,failure,0.0,failed,max_retries_reached,card,0,0.131,18,9208.02,,0.252
rec_0445,C778,merchant_test_001,2026-08-02T20:38:00,checkout_abandonment,1550,cart_dropoff,customer_hesitation,not_recoverable,soft_reminder_low_priority,send_email_reminder,1/1,failure,0.0,failed,max_retries_reached,card,0,0.061,153,6312.04,,0.361
rec_0439,C186,merchant_test_001,2026-08-06T15:16:00,checkout_abandonment,200,otp_dropoff,soft_decline,recoverable,send_reminder,send_sms_reminder,1/2,success,200.0,recovered,customer_paid,netbanking,1,0.084,168,918.32,,0.97
rec_0327,C976,merchant_test_001,2026-08-24T08:25:00,subscription_failure,2050,issuer_down,technical_issue,recoverable,retry_later,retry_payment,1/3,success,2050.0,recovered,payment_success,upi,0,0.096,145,2804.93,,0.813
rec_0027,C442,merchant_test_001,2026-08-11T19:09:00,subscription_failure,300,issuer_down,technical_issue,not_recoverable,write_off,no_action,0/0,not_attempted,0.0,not_recovered,predicted_not_recoverable_skipped,emi,2,0.187,186,5787.94,,0.38
rec_0352,C200,merchant_test_001,2026-08-01T22:43:00,payment_failure,900,otp_failure,soft_decline,not_recoverable,write_off,no_action,0/0,not_attempted,0.0,not_recovered,predicted_not_recoverable_skipped,emi,2,0.063,334,3053.88,,0.386
rec_0042,C594,merchant_test_001,2026-08-05T01:04:00,checkout_abandonment,800,cart_dropoff,customer_hesitation,not_recoverable,soft_reminder_low_priority,send_email_reminder,1/1,success,800.0,recovered,customer_paid,emi,2,0.126,227,2023.11,,0.367
rec_0521,C444,merchant_test_001,2026-08-09T04:59:00,payment_failure,500,issuer_down,technical_issue,recoverable,retry_later,retry_payment,1/3,success,500.0,recovered,payment_success,netbanking,0,0.22,399,622.82,,0.632
rec_0174,C649,merchant_test_001,2026-08-02T11:24:00,checkout_abandonment,1850,otp_dropoff,technical_issue,recoverable,retry_prompt,send_retry_link,1/2,success,1850.0,recovered,customer_paid,upi,0,0.3,268,9262.46,,0.912
rec_0573,C700,merchant_test_001,2026-08-05T20:32:00,subscription_failure,200,bank_timeout,technical_issue,recoverable,retry_later,retry_payment,1/3,success,200.0,recovered,payment_success,wallet,1,0.041,184,1134.74,,0.835
rec_0279,C551,merchant_test_001,2026-08-09T23:27:00,payment_failure,400,insufficient_funds,soft_decline,recoverable,retry_now,retry_payment,1/2,success,400.0,recovered,payment_success,wallet,2,0.185,313,2768.5,,0.553
rec_0079,C393,merchant_test_001,2026-08-15T10:42:00,checkout_abandonment,350,otp_dropoff,technical_issue,recoverable,retry_prompt,send_retry_link,1/2,success,350.0,recovered,customer_paid,wallet,1,0.347,260,66627.79,,0.97
rec_0518,C332,merchant_test_001,2026-08-23T06:38:00,subscription_failure,300,risk_declined,hard_decline,not_recoverable,write_off,no_action,0/0,not_attempted,0.0,not_recovered,predicted_not_recoverable_skipped,emi,1,0.574,19,34231.93,,0.03
rec_0017,C284,merchant_test_001,2026-08-05T17:32:00,subscription_failure,500,issuer_down,technical_issue,recoverable,retry_later,retry_payment,3/3,failure,0.0,failed,max_retries_reached,emi,2,0.539,162,8610.74,,0.61
rec_0305,C707,merchant_test_001,2026-08-07T00:59:00,checkout_abandonment,1950,cart_dropoff,soft_decline,not_recoverable,write_off,no_action,0/0,not_attempted,0.0,not_recovered,predicted_not_recoverable_skipped,upi,2,0.233,97,634.17,,0.324
rec_0035,C709,merchant_test_001,2026-08-24T05:06:00,checkout_abandonment,1100,payment_selection_dropoff,customer_hesitation,recoverable,send_reminder,send_whatsapp_reminder,1/2,success,1100.0,recovered,customer_paid,wallet,1,0.601,381,1482.59,,0.614
rec_0229,C270,merchant_test_001,2026-08-16T02:55:00,checkout_abandonment,700,address_dropoff,customer_hesitation,recoverable,send_reminder,send_whatsapp_reminder,1/2,success,700.0,recovered,customer_paid,upi,1,0.347,370,525.89,,0.585
rec_0026,C850,merchant_test_001,2026-08-15T00:55:00,payment_failure,900,issuer_down,technical_issue,recoverable,retry_later,retry_payment,1/3,success,900.0,recovered,payment_success,netbanking,0,0.241,316,963.35,,0.458
rec_0070,C403,merchant_test_001,2026-08-03T11:24:00,payment_failure,250,risk_declined,hard_decline,not_recoverable,write_off,no_action,0/0,not_attempted,0.0,not_recovered,predicted_not_recoverable_skipped,netbanking,1,0.222,352,1261.68,,0.03
rec_0142,C472,merchant_test_001,2026-08-06T19:00:00,subscription_failure,250,bank_timeout,technical_issue,recoverable,retry_later,retry_payment,1/3,success,250.0,recovered,payment_success,emi,0,0.134,105,2964.02,,0.692
rec_0418,C974,merchant_test_001,2026-08-13T13:25:00,checkout_abandonment,1850,otp_dropoff,customer_hesitation,recoverable,send_reminder,send_whatsapp_reminder,1/2,success,1850.0,recovered,customer_paid,wallet,2,0.063,368,20819.87,,0.97
rec_0259,C886,merchant_test_001,2026-08-17T00:35:00,overdue_invoice,11000,overdue_60d_plus,customer_hesitation,recoverable,send_payment_reminder,send_invoice_reminder,1/3,success,11000.0,recovered,customer_paid,invoice,1,0.067,250,1871.69,46.0,0.458
rec_0448,C237,merchant_test_001,2026-08-09T18:47:00,payment_failure,700,risk_declined,soft_decline,not_recoverable,write_off,no_action,0/0,not_attempted,0.0,not_recovered,predicted_not_recoverable_skipped,card,0,0.312,80,538.22,,0.149
rec_0566,C674,merchant_test_001,2026-08-02T16:50:00,payment_failure,1300,3ds_failure,technical_issue,recoverable,retry_later,retry_payment,1/3,success,1300.0,recovered,payment_success,upi,0,0.528,150,5312.51,,0.619
rec_0198,C758,merchant_test_001,2026-08-10T04:33:00,payment_failure,250,insufficient_funds,hard_decline,recoverable,offer_alternate_payment,send_payment_link,1/1,failure,0.0,failed,max_retries_reached,upi,2,0.301,94,3047.35,,0.461
rec_0367,C600,merchant_test_001,2026-08-21T03:25:00,checkout_abandonment,1100,cart_dropoff,customer_hesitation,not_recoverable,soft_reminder_low_priority,send_email_reminder,1/1,failure,0.0,failed,max_retries_reached,netbanking,0,0.286,20,314.25,,0.235
rec_0130,C326,merchant_test_001,2026-08-03T03:51:00,payment_failure,400,bank_timeout,technical_issue,not_recoverable,write_off,no_action,0/0,not_attempted,0.0,not_recovered,predicted_not_recoverable_skipped,wallet,2,0.82,108,24517.16,,0.365
rec_0087,C817,merchant_test_001,2026-08-04T12:30:00,overdue_invoice,46350,overdue_60d_plus,customer_hesitation,recoverable,send_payment_reminder,send_invoice_reminder,1/3,success,46350.0,recovered,customer_paid,invoice,0,0.027,37,2487.69,65.0,0.407
rec_0136,C956,merchant_test_001,2026-08-21T05:54:00,overdue_invoice,15200,overdue_60d_plus,hard_decline,not_recoverable,write_off,no_action,0/0,not_attempted,0.0,not_recovered,predicted_not_recoverable_skipped,invoice,1,0.062,217,3193.46,89.0,0.03
rec_0586,C975,merchant_test_001,2026-08-06T02:16:00,checkout_abandonment,1200,cart_dropoff,customer_hesitation,not_recoverable,soft_reminder_low_priority,send_email_reminder,1/1,failure,0.0,failed,max_retries_reached,emi,0,0.599,55,778.53,,0.118
rec_0071,C967,merchant_test_001,2026-08-18T16:48:00,overdue_invoice,22450,overdue_1_30d,hard_decline,recoverable,escalate_to_collections,escalate_to_human,1/1,success,22450.0,recovered,customer_paid,invoice,2,0.12,239,4403.51,46.0,0.429
rec_0067,C422,merchant_test_001,2026-08-09T10:00:00,overdue_invoice,6250,overdue_60d_plus,customer_hesitation,recoverable,send_payment_reminder,send_invoice_reminder,1/3,success,6250.0,recovered,customer_paid,invoice,0,0.622,118,3578.63,27.0,0.555
rec_0121,C227,merchant_test_001,2026-08-23T04:53:00,overdue_invoice,12300,overdue_31_60d,hard_decline,not_recoverable,write_off,no_action,0/0,not_attempted,0.0,not_recovered,predicted_not_recoverable_skipped,invoice,0,0.171,357,2623.95,54.0,0.172
rec_0425,C624,merchant_test_001,2026-08-10T01:19:00,payment_failure,350,otp_failure,soft_decline,recoverable,retry_now,retry_payment,1/2,failure,0.0,stopped,customer_opted_out,upi,1,0.043,111,3867.07,,0.404
rec_0313,C561,merchant_test_001,2026-08-06T22:44:00,checkout_abandonment,1150,payment_selection_dropoff,customer_hesitation,recoverable,send_reminder,send_whatsapp_reminder,1/2,success,1150.0,recovered,customer_paid,upi,2,0.246,256,16020.95,,0.485
rec_0191,C341,merchant_test_001,2026-08-09T20:16:00,payment_failure,4650,card_expired,hard_decline,not_recoverable,write_off,no_action,0/0,not_attempted,0.0,not_recovered,predicted_not_recoverable_skipped,netbanking,2,0.234,217,3618.87,,0.186
rec_0572,C790,merchant_test_001,2026-08-23T17:47:00,subscription_failure,800,card_expired,hard_decline,not_recoverable,write_off,no_action,0/0,not_attempted,0.0,not_recovered,predicted_not_recoverable_skipped,upi,1,0.27,226,9285.15,,0.03
rec_0139,C214,merchant_test_001,2026-08-19T09:42:00,subscription_failure,2350,mandate_limit_exceeded,hard_decline,not_recoverable,write_off,no_action,0/0,not_attempted,0.0,not_recovered,predicted_not_recoverable_skipped,card,0,0.336,96,1372.97,,0.03
rec_0137,C165,merchant_test_001,2026-08-11T01:13:00,subscription_failure,300,insufficient_funds,soft_decline,not_recoverable,write_off,no_action,0/0,not_attempted,0.0,not_recovered,predicted_not_recoverable_skipped,emi,2,0.521,131,2198.72,,0.291
rec_0217,C846,merchant_test_001,2026-08-15T02:08:00,payment_failure,400,card_expired,hard_decline,not_recoverable,write_off,no_action,0/0,not_attempted,0.0,not_recovered,predicted_not_recoverable_skipped,card,0,0.473,129,6959.94,,0.03
rec_0126,C695,merchant_test_001,2026-08-08T05:01:00,payment_failure,150,risk_declined,hard_decline,not_recoverable,write_off,no_action,0/0,not_attempted,0.0,not_recovered,predicted_not_recoverable_skipped,wallet,0,0.375,170,2984.72,,0.03
rec_0364,C523,merchant_test_001,2026-08-18T11:01:00,checkout_abandonment,5350,otp_dropoff,customer_hesitation,recoverable,send_reminder,send_whatsapp_reminder,1/2,success,5350.0,recovered,customer_paid,card,0,0.186,279,637.24,,0.934
rec_0242,C191,merchant_test_001,2026-08-24T23:35:00,payment_failure,1350,3ds_failure,technical_issue,recoverable,retry_later,retry_payment,1/3,success,1350.0,recovered,payment_success,emi,2,0.205,110,5095.62,,0.551
rec_0568,C138,merchant_test_001,2026-08-21T00:15:00,payment_failure,200,otp_failure,soft_decline,recoverable,retry_now,retry_payment,2/2,success,200.0,recovered,payment_success,upi,0,0.354,239,1756.01,,0.602
rec_0231,C738,merchant_test_001,2026-08-06T09:01:00,payment_failure,2400,bank_timeout,technical_issue,recoverable,retry_later,retry_payment,3/3,failure,0.0,failed,max_retries_reached,upi,1,0.44,126,3309.88,,0.428
rec_0075,C949,merchant_test_001,2026-08-14T20:56:00,overdue_invoice,15800,overdue_1_30d,customer_hesitation,recoverable,send_payment_reminder,send_invoice_reminder,2/3,failure,0.0,stopped,customer_opted_out,invoice,0,0.057,121,2728.86,17.0,0.662
rec_0077,C258,merchant_test_001,2026-08-07T22:26:00,checkout_abandonment,1200,address_dropoff,customer_hesitation,recoverable,send_reminder,send_whatsapp_reminder,2/2,failure,0.0,failed,max_retries_reached,card,0,0.664,294,4210.4,,0.537
rec_0253,C719,merchant_test_001,2026-08-10T15:55:00,checkout_abandonment,550,address_dropoff,customer_hesitation,recoverable,send_reminder,send_whatsapp_reminder,1/2,success,550.0,recovered,customer_paid,upi,1,0.292,399,8326.97,,0.551
rec_0248,C210,merchant_test_001,2026-08-07T17:29:00,payment_failure,400,card_expired,hard_decline,not_recoverable,write_off,no_action,0/0,not_attempted,0.0,not_recovered,predicted_not_recoverable_skipped,netbanking,1,0.605,42,1348.0,,0.103
rec_0152,C355,merchant_test_001,2026-08-06T20:30:00,checkout_abandonment,1750,payment_selection_dropoff,customer_hesitation,recoverable,send_reminder,send_whatsapp_reminder,2/2,success,1750.0,recovered,customer_paid,wallet,0,0.272,275,1423.9,,0.514
rec_0546,C249,merchant_test_001,2026-08-23T06:22:00,subscription_failure,600,card_expired,hard_decline,not_recoverable,write_off,no_action,0/0,not_attempted,0.0,not_recovered,predicted_not_recoverable_skipped,netbanking,0,0.18,352,4896.19,,0.03
rec_0148,C986,merchant_test_001,2026-08-10T07:33:00,overdue_invoice,37700,overdue_1_30d,customer_hesitation,recoverable,send_payment_reminder,send_invoice_reminder,1/3,success,37700.0,recovered,customer_paid,invoice,0,0.282,3,1930.77,9.0,0.892
rec_0419,C920,merchant_test_001,2026-08-11T08:21:00,subscription_failure,1050,risk_declined,hard_decline,not_recoverable,write_off,no_action,0/0,not_attempted,0.0,not_recovered,predicted_not_recoverable_skipped,emi,1,0.137,148,409.43,,0.03
rec_0043,C324,merchant_test_001,2026-08-21T19:32:00,checkout_abandonment,600,otp_dropoff,technical_issue,recoverable,retry_prompt,send_retry_link,1/2,success,600.0,recovered,customer_paid,netbanking,1,0.175,69,24751.06,,0.97
rec_0267,C789,merchant_test_001,2026-08-11T18:04:00,overdue_invoice,56900,overdue_60d_plus,customer_hesitation,recoverable,send_payment_reminder,send_invoice_reminder,1/3,success,56900.0,recovered,customer_paid,invoice,0,0.264,0,5171.36,31.0,0.506
rec_0182,C375,merchant_test_001,2026-08-24T07:13:00,payment_failure,650,issuer_down,technical_issue,recoverable,retry_later,retry_payment,1/3,success,650.0,recovered,payment_success,wallet,0,0.076,233,12327.41,,0.653
rec_0376,C593,merchant_test_001,2026-08-02T08:17:00,overdue_invoice,17850,overdue_1_30d,customer_hesitation,recoverable,send_payment_reminder,send_invoice_reminder,1/3,success,17850.0,recovered,customer_paid,invoice,2,0.52,64,971.48,1.0,0.97
rec_0389,C910,merchant_test_001,2026-08-15T08:56:00,overdue_invoice,6450,overdue_1_30d,customer_hesitation,recoverable,send_payment_reminder,send_invoice_reminder,1/3,success,6450.0,recovered,customer_paid,invoice,0,0.131,327,5121.93,19.0,0.721
rec_0498,C711,merchant_test_001,2026-08-13T17:39:00,overdue_invoice,34300,overdue_31_60d,soft_decline,recoverable,send_payment_reminder,send_invoice_reminder,3/3,failure,0.0,failed,max_retries_reached,invoice,3,0.383,42,9816.89,6.0,0.635
rec_0351,C268,merchant_test_001,2026-08-01T11:59:00,subscription_failure,200,risk_declined,customer_hesitation,not_recoverable,soft_reminder_low_priority,send_email_reminder,1/1,failure,0.0,failed,max_retries_reached,upi,0,0.419,23,3098.07,,0.171
rec_0472,C419,merchant_test_001,2026-08-12T00:26:00,checkout_abandonment,1450,cart_dropoff,customer_hesitation,recoverable,send_reminder,send_whatsapp_reminder,2/2,failure,0.0,failed,max_retries_reached,card,0,0.37,191,1329.47,,0.431
rec_0576,C142,merchant_test_001,2026-08-22T13:37:00,payment_failure,250,insufficient_funds,soft_decline,not_recoverable,write_off,no_action,0/0,not_attempted,0.0,not_recovered,predicted_not_recoverable_skipped,upi,1,0.404,372,9576.39,,0.241
rec_0089,C364,merchant_test_001,2026-08-14T00:43:00,overdue_invoice,49200,overdue_31_60d,hard_decline,not_recoverable,write_off,no_action,0/0,not_attempted,0.0,not_recovered,predicted_not_recoverable_skipped,invoice,0,0.356,353,1910.64,31.0,0.234
rec_0188,C753,merchant_test_001,2026-08-19T03:47:00,payment_failure,150,3ds_failure,technical_issue,recoverable,retry_later,retry_payment,1/3,success,150.0,recovered,payment_success,upi,0,0.291,196,184.46,,0.97
rec_0249,C143,merchant_test_001,2026-08-01T22:00:00,checkout_abandonment,1050,cart_dropoff,customer_hesitation,recoverable,send_reminder,send_whatsapp_reminder,1/2,success,1050.0,recovered,customer_paid,wallet,1,0.206,228,695.42,,0.441
rec_0393,C167,merchant_test_001,2026-08-25T14:20:00,checkout_abandonment,150,otp_dropoff,technical_issue,recoverable,retry_prompt,send_retry_link,1/2,success,150.0,recovered,customer_paid,wallet,0,0.227,16,3498.64,,0.97
rec_0426,C855,merchant_test_001,2026-08-16T11:03:00,overdue_invoice,12600,overdue_31_60d,customer_hesitation,recoverable,send_payment_reminder,send_invoice_reminder,1/3,success,12600.0,recovered,customer_paid,invoice,0,0.06,252,646.56,25.0,0.622
rec_0309,C990,merchant_test_001,2026-08-25T21:29:00,overdue_invoice,19450,overdue_60d_plus,soft_decline,not_recoverable,write_off,no_action,0/0,not_attempted,0.0,not_recovered,predicted_not_recoverable_skipped,invoice,0,0.257,325,1799.01,29.0,0.383
rec_0120,C522,merchant_test_001,2026-08-11T08:37:00,overdue_invoice,13150,overdue_60d_plus,hard_decline,not_recoverable,write_off,no_action,0/0,not_attempted,0.0,not_recovered,predicted_not_recoverable_skipped,invoice,0,0.145,178,8239.22,71.0,0.03
rec_0470,C662,merchant_test_001,2026-08-15T07:36:00,overdue_invoice,55000,overdue_31_60d,hard_decline,recoverable,escalate_to_collections,escalate_to_human,1/1,success,55000.0,recovered,customer_paid,invoice,0,0.166,103,1132.62,19.0,0.721
rec_0224,C663,merchant_test_001,2026-08-02T00:27:00,overdue_invoice,7200,overdue_60d_plus,hard_decline,not_recoverable,write_off,no_action,0/0,not_attempted,0.0,not_recovered,predicted_not_recoverable_skipped,invoice,0,0.013,383,855.54,87.0,0.048
rec_0383,C572,merchant_test_001,2026-08-03T22:07:00,payment_failure,200,issuer_down,technical_issue,recoverable,retry_later,retry_payment,2/3,success,200.0,recovered,payment_success,wallet,1,0.16,327,7063.71,,0.653
rec_0085,C949,merchant_test_001,2026-08-10T04:12:00,subscription_failure,200,bank_timeout,technical_issue,not_recoverable,write_off,no_action,0/0,not_attempted,0.0,not_recovered,predicted_not_recoverable_skipped,card,1,0.595,161,4706.21,,0.2
rec_0083,C362,merchant_test_001,2026-08-03T23:16:00,checkout_abandonment,2050,cart_dropoff,soft_decline,not_recoverable,write_off,no_action,0/0,not_attempted,0.0,not_recovered,predicted_not_recoverable_skipped,upi,2,0.171,113,1289.96,,0.055
rec_0107,C548,merchant_test_001,2026-08-10T12:56:00,payment_failure,700,network_error,hard_decline,not_recoverable,write_off,no_action,0/0,not_attempted,0.0,not_recovered,predicted_not_recoverable_skipped,card,2,0.334,28,6081.98,,0.399
rec_0009,C771,merchant_test_001,2026-08-03T01:14:00,checkout_abandonment,400,otp_dropoff,technical_issue,recoverable,retry_prompt,send_retry_link,2/2,success,400.0,recovered,customer_paid,upi,2,0.206,171,14807.5,,0.893
rec_0499,C398,merchant_test_001,2026-08-06T08:30:00,payment_failure,700,card_expired,hard_decline,not_recoverable,write_off,no_action,0/0,not_attempted,0.0,not_recovered,predicted_not_recoverable_skipped,wallet,0,0.459,147,794.02,,0.128
rec_0317,C701,merchant_test_001,2026-08-09T03:55:00,payment_failure,200,risk_declined,hard_decline,not_recoverable,write_off,no_action,0/0,not_attempted,0.0,not_recovered,predicted_not_recoverable_skipped,card,2,0.397,18,2739.76,,0.03
rec_0114,C805,merchant_test_001,2026-08-22T19:03:00,checkout_abandonment,650,otp_dropoff,customer_hesitation,recoverable,send_reminder,send_whatsapp_reminder,1/2,success,650.0,recovered,customer_paid,netbanking,2,0.35,173,2445.07,,0.69
rec_0050,C539,merchant_test_001,2026-08-02T13:28:00,payment_failure,700,bank_timeout,soft_decline,recoverable,retry_now,retry_payment,2/2,success,700.0,recovered,payment_success,netbanking,1,0.089,268,668.77,,0.638
rec_0262,C956,merchant_test_001,2026-08-23T08:03:00,payment_failure,950,3ds_failure,soft_decline,recoverable,retry_now,retry_payment,1/2,success,950.0,recovered,payment_success,card,1,0.156,272,3289.89,,0.468
rec_0010,C786,merchant_test_001,2026-08-12T15:22:00,checkout_abandonment,200,payment_selection_dropoff,customer_hesitation,recoverable,send_reminder,send_whatsapp_reminder,2/2,failure,0.0,failed,max_retries_reached,card,1,0.337,122,1647.1,,0.583
rec_0493,C750,merchant_test_001,2026-08-19T05:51:00,subscription_failure,500,risk_declined,hard_decline,not_recoverable,write_off,no_action,0/0,not_attempted,0.0,not_recovered,predicted_not_recoverable_skipped,emi,1,0.22,356,4878.46,,0.237
rec_0410,C380,merchant_test_001,2026-08-08T01:22:00,checkout_abandonment,400,address_dropoff,customer_hesitation,not_recoverable,soft_reminder_low_priority,send_email_reminder,1/1,failure,0.0,failed,max_retries_reached,wallet,1,0.201,284,2248.83,,0.221
rec_0190,C192,merchant_test_001,2026-08-11T13:52:00,subscription_failure,1800,mandate_limit_exceeded,hard_decline,not_recoverable,write_off,no_action,0/0,not_attempted,0.0,not_recovered,predicted_not_recoverable_skipped,netbanking,0,0.363,122,27900.54,,0.087
rec_0473,C209,merchant_test_001,2026-08-11T08:45:00,payment_failure,500,issuer_down,technical_issue,recoverable,retry_later,retry_payment,2/3,success,500.0,recovered,payment_success,card,1,0.331,79,4170.82,,0.453
rec_0196,C839,merchant_test_001,2026-08-04T15:15:00,checkout_abandonment,350,otp_dropoff,customer_hesitation,recoverable,send_reminder,send_whatsapp_reminder,1/2,success,350.0,recovered,customer_paid,netbanking,0,0.083,274,2686.34,,0.97
rec_0326,C357,merchant_test_001,2026-08-19T16:50:00,overdue_invoice,54200,overdue_1_30d,customer_hesitation,recoverable,send_payment_reminder,send_invoice_reminder,3/3,failure,0.0,failed,max_retries_reached,invoice,1,0.289,24,308.27,26.0,0.581
rec_0068,C885,merchant_test_001,2026-08-20T12:01:00,checkout_abandonment,750,otp_dropoff,customer_hesitation,recoverable,send_reminder,send_whatsapp_reminder,1/2,success,750.0,recovered,customer_paid,upi,1,0.499,118,47093.67,,0.722
rec_0585,C720,merchant_test_001,2026-08-07T10:43:00,payment_failure,250,card_expired,hard_decline,not_recoverable,write_off,no_action,0/0,not_attempted,0.0,not_recovered,predicted_not_recoverable_skipped,upi,1,0.052,266,2944.58,,0.223
rec_0332,C159,merchant_test_001,2026-08-14T10:39:00,subscription_failure,800,issuer_down,technical_issue,recoverable,retry_later,retry_payment,1/3,success,800.0,recovered,payment_success,netbanking,1,0.257,97,6761.3,,0.844
rec_0565,C706,merchant_test_001,2026-08-05T07:57:00,overdue_invoice,10200,overdue_1_30d,soft_decline,not_recoverable,write_off,no_action,0/0,not_attempted,0.0,not_recovered,predicted_not_recoverable_skipped,invoice,0,0.256,62,3102.72,54.0,0.104
rec_0512,C269,merchant_test_001,2026-08-01T07:20:00,subscription_failure,450,mandate_limit_exceeded,hard_decline,not_recoverable,write_off,no_action,0/0,not_attempted,0.0,not_recovered,predicted_not_recoverable_skipped,upi,1,0.324,318,28974.03,,0.03
rec_0339,C918,merchant_test_001,2026-08-19T08:01:00,checkout_abandonment,1600,cart_dropoff,customer_hesitation,not_recoverable,soft_reminder_low_priority,send_email_reminder,1/1,failure,0.0,failed,max_retries_reached,card,0,0.618,213,1937.93,,0.152
rec_0593,C326,merchant_test_001,2026-08-01T05:09:00,checkout_abandonment,950,payment_selection_dropoff,customer_hesitation,recoverable,send_reminder,send_whatsapp_reminder,1/2,success,950.0,recovered,customer_paid,wallet,0,0.244,234,14229.22,,0.729
rec_0504,C797,merchant_test_001,2026-08-21T16:38:00,payment_failure,2000,issuer_down,technical_issue,not_recoverable,write_off,no_action,0/0,not_attempted,0.0,not_recovered,predicted_not_recoverable_skipped,netbanking,0,0.381,158,2161.32,,0.39
rec_0181,C686,merchant_test_001,2026-08-13T21:31:00,payment_failure,250,otp_failure,hard_decline,not_recoverable,write_off,no_action,0/0,not_attempted,0.0,not_recovered,predicted_not_recoverable_skipped,wallet,1,0.32,3,1446.19,,0.32
rec_0051,C971,merchant_test_001,2026-08-23T13:56:00,payment_failure,1100,risk_declined,hard_decline,not_recoverable,write_off,no_action,0/0,not_attempted,0.0,not_recovered,predicted_not_recoverable_skipped,netbanking,0,0.673,101,7063.96,,0.03
rec_0452,C206,merchant_test_001,2026-08-15T18:24:00,payment_failure,300,issuer_down,technical_issue,recoverable,retry_later,retry_payment,1/3,success,300.0,recovered,payment_success,emi,1,0.455,374,965.09,,0.71
rec_0406,C781,merchant_test_001,2026-08-19T16:13:00,payment_failure,800,network_error,hard_decline,recoverable,offer_alternate_payment,send_payment_link,1/1,success,800.0,recovered,customer_paid,wallet,1,0.113,367,12546.67,,0.775
rec_0323,C888,merchant_test_001,2026-08-02T05:37:00,payment_failure,250,issuer_down,technical_issue,recoverable,retry_later,retry_payment,1/3,success,250.0,recovered,payment_success,card,1,0.065,383,1641.52,,0.594
rec_0129,C576,merchant_test_001,2026-08-02T12:53:00,overdue_invoice,14600,overdue_31_60d,customer_hesitation,recoverable,send_payment_reminder,send_invoice_reminder,2/3,success,14600.0,recovered,customer_paid,invoice,0,0.16,26,5768.58,25.0,0.41
rec_0060,C701,merchant_test_001,2026-08-07T19:41:00,overdue_invoice,22750,overdue_31_60d,hard_decline,not_recoverable,write_off,no_action,0/0,not_attempted,0.0,not_recovered,predicted_not_recoverable_skipped,invoice,0,0.341,216,248.28,52.0,0.087
rec_0503,C863,merchant_test_001,2026-08-14T17:42:00,subscription_failure,2550,bank_timeout,technical_issue,not_recoverable,write_off,no_action,0/0,not_attempted,0.0,not_recovered,predicted_not_recoverable_skipped,upi,2,0.226,248,1567.07,,0.286
rec_0557,C272,merchant_test_001,2026-08-11T11:42:00,payment_failure,1050,insufficient_funds,soft_decline,recoverable,retry_now,retry_payment,1/2,success,1050.0,recovered,payment_success,wallet,0,0.22,219,11914.0,,0.61
rec_0134,C904,merchant_test_001,2026-08-23T16:46:00,overdue_invoice,21750,overdue_31_60d,customer_hesitation,recoverable,send_payment_reminder,send_invoice_reminder,1/3,failure,0.0,stopped,customer_opted_out,invoice,0,0.399,291,368.79,22.0,0.788
rec_0343,C880,merchant_test_001,2026-08-15T17:22:00,checkout_abandonment,900,payment_selection_dropoff,soft_decline,recoverable,send_reminder,send_sms_reminder,2/2,failure,0.0,failed,max_retries_reached,card,2,0.11,18,6641.21,,0.702
rec_0548,C384,merchant_test_001,2026-08-06T19:57:00,payment_failure,350,3ds_failure,technical_issue,recoverable,retry_later,retry_payment,1/3,success,350.0,recovered,payment_success,card,0,0.14,28,1305.1,,0.896
rec_0302,C790,merchant_test_001,2026-08-13T02:46:00,payment_failure,1300,issuer_down,technical_issue,not_recoverable,write_off,no_action,0/0,not_attempted,0.0,not_recovered,predicted_not_recoverable_skipped,emi,1,0.106,268,22126.43,,0.253
rec_0538,C432,merchant_test_001,2026-08-07T05:20:00,subscription_failure,600,insufficient_funds,soft_decline,recoverable,retry_alternate_method,retry_payment_alt_method,1/2,failure,0.0,stopped,customer_opted_out,emi,0,0.294,215,2076.71,,0.503
rec_0455,C214,merchant_test_001,2026-08-18T19:58:00,checkout_abandonment,300,payment_selection_dropoff,customer_hesitation,recoverable,send_reminder,send_whatsapp_reminder,1/2,failure,0.0,stopped,customer_opted_out,netbanking,2,0.133,299,2410.45,,0.553
rec_0264,C809,merchant_test_001,2026-08-13T03:50:00,payment_failure,300,risk_declined,hard_decline,not_recoverable,write_off,no_action,0/0,not_attempted,0.0,not_recovered,predicted_not_recoverable_skipped,emi,1,0.313,226,268.88,,0.03
rec_0153,C738,merchant_test_001,2026-08-17T14:52:00,overdue_invoice,59700,overdue_1_30d,hard_decline,not_recoverable,write_off,no_action,0/0,not_attempted,0.0,not_recovered,predicted_not_recoverable_skipped,invoice,2,0.225,326,2674.82,66.0,0.03
rec_0095,C368,merchant_test_001,2026-08-12T10:53:00,subscription_failure,400,insufficient_funds,soft_decline,recoverable,retry_alternate_method,retry_payment_alt_method,2/2,failure,0.0,failed,max_retries_reached,wallet,1,0.477,106,2696.1,,0.458
rec_0346,C944,merchant_test_001,2026-08-25T05:33:00,payment_failure,1100,risk_declined,hard_decline,not_recoverable,write_off,no_action,0/0,not_attempted,0.0,not_recovered,predicted_not_recoverable_skipped,netbanking,2,0.771,102,2106.45,,0.03
rec_0411,C430,merchant_test_001,2026-08-06T20:40:00,payment_failure,100,issuer_down,technical_issue,recoverable,retry_later,retry_payment,3/3,success,100.0,recovered,payment_success,upi,0,0.259,170,2325.88,,0.623
rec_0480,C636,merchant_test_001,2026-08-06T03:25:00,overdue_invoice,37450,overdue_1_30d,customer_hesitation,not_recoverable,soft_reminder_low_priority,send_email_reminder,1/1,failure,0.0,failed,max_retries_reached,invoice,2,0.209,149,2409.7,43.0,0.333
rec_0005,C520,merchant_test_001,2026-08-02T04:22:00,overdue_invoice,10500,overdue_1_30d,hard_decline,not_recoverable,write_off,no_action,0/0,not_attempted,0.0,not_recovered,predicted_not_recoverable_skipped,invoice,1,0.177,353,2902.83,51.0,0.219
rec_0365,C580,merchant_test_001,2026-08-04T12:36:00,checkout_abandonment,200,payment_selection_dropoff,customer_hesitation,recoverable,send_reminder,send_whatsapp_reminder,1/2,success,200.0,recovered,customer_paid,netbanking,1,0.354,399,1799.0,,0.928
rec_0465,C590,merchant_test_001,2026-08-18T05:27:00,subscription_failure,900,insufficient_funds,soft_decline,not_recoverable,write_off,no_action,0/0,not_attempted,0.0,not_recovered,predicted_not_recoverable_skipped,netbanking,0,0.417,48,6642.07,,0.382
rec_0201,C448,merchant_test_001,2026-08-06T08:47:00,overdue_invoice,17400,overdue_31_60d,customer_hesitation,not_recoverable,soft_reminder_low_priority,send_email_reminder,1/1,failure,0.0,failed,max_retries_reached,invoice,1,0.205,115,313.34,26.0,0.342
rec_0366,C198,merchant_test_001,2026-08-06T19:15:00,payment_failure,200,3ds_failure,technical_issue,recoverable,retry_later,retry_payment,3/3,failure,0.0,failed,max_retries_reached,emi,0,0.335,102,999.31,,0.596
rec_0286,C960,merchant_test_001,2026-08-06T10:50:00,payment_failure,1250,network_error,technical_issue,recoverable,retry_later,retry_payment,1/3,success,1250.0,recovered,payment_success,netbanking,1,0.326,52,18625.2,,0.534
rec_0544,C858,merchant_test_001,2026-08-07T06:10:00,payment_failure,300,insufficient_funds,soft_decline,not_recoverable,write_off,no_action,0/0,not_attempted,0.0,not_recovered,predicted_not_recoverable_skipped,card,0,0.31,177,8396.45,,0.17
rec_0102,C250,merchant_test_001,2026-08-08T12:40:00,overdue_invoice,6850,overdue_1_30d,hard_decline,not_recoverable,write_off,no_action,0/0,not_attempted,0.0,not_recovered,predicted_not_recoverable_skipped,invoice,0,0.385,143,32661.49,66.0,0.03
rec_0047,C836,merchant_test_001,2026-08-10T07:03:00,overdue_invoice,5600,overdue_31_60d,soft_decline,recoverable,send_payment_reminder,send_invoice_reminder,3/3,success,5600.0,recovered,customer_paid,invoice,0,0.178,294,2373.51,38.0,0.467
rec_0304,C838,merchant_test_001,2026-08-09T20:32:00,payment_failure,350,bank_timeout,technical_issue,not_recoverable,write_off,no_action,0/0,not_attempted,0.0,not_recovered,predicted_not_recoverable_skipped,upi,2,0.406,314,3453.24,,0.396
rec_0414,C814,merchant_test_001,2026-08-17T11:42:00,subscription_failure,600,mandate_limit_exceeded,hard_decline,not_recoverable,write_off,no_action,0/0,not_attempted,0.0,not_recovered,predicted_not_recoverable_skipped,card,0,0.404,102,3362.4,,0.068
rec_0303,C250,merchant_test_001,2026-08-23T04:03:00,checkout_abandonment,700,payment_selection_dropoff,technical_issue,recoverable,retry_prompt,send_retry_link,2/2,failure,0.0,failed,max_retries_reached,emi,1,0.522,63,1132.86,,0.754
rec_0291,C619,merchant_test_001,2026-08-09T13:08:00,overdue_invoice,11400,overdue_1_30d,hard_decline,not_recoverable,write_off,no_action,0/0,not_attempted,0.0,not_recovered,predicted_not_recoverable_skipped,invoice,0,0.125,82,1713.48,88.0,0.03
rec_0091,C168,merchant_test_001,2026-08-14T17:40:00,payment_failure,7250,bank_timeout,technical_issue,recoverable,retry_later,retry_payment,2/3,success,7250.0,recovered,payment_success,netbanking,1,0.35,341,3808.41,,0.582
rec_0514,C711,merchant_test_001,2026-08-07T17:55:00,subscription_failure,1700,mandate_limit_exceeded,hard_decline,not_recoverable,write_off,no_action,0/0,not_attempted,0.0,not_recovered,predicted_not_recoverable_skipped,netbanking,2,0.159,202,4529.19,,0.11
rec_0256,C162,merchant_test_001,2026-08-10T05:15:00,payment_failure,1300,card_expired,hard_decline,not_recoverable,write_off,no_action,0/0,not_attempted,0.0,not_recovered,predicted_not_recoverable_skipped,netbanking,0,0.638,222,1450.38,,0.03
rec_0292,C757,merchant_test_001,2026-08-15T07:58:00,payment_failure,350,otp_failure,hard_decline,recoverable,offer_alternate_payment,send_payment_link,1/1,failure,0.0,stopped,customer_opted_out,card,2,0.323,135,2609.5,,0.97
rec_0076,C573,merchant_test_001,2026-08-05T12:06:00,checkout_abandonment,550,cart_dropoff,technical_issue,not_recoverable,write_off,no_action,0/0,not_attempted,0.0,not_recovered,predicted_not_recoverable_skipped,wallet,1,0.096,294,6118.03,,0.267
rec_0547,C478,merchant_test_001,2026-08-13T09:26:00,overdue_invoice,11350,overdue_1_30d,customer_hesitation,recoverable,send_payment_reminder,send_invoice_reminder,1/3,success,11350.0,recovered,customer_paid,invoice,2,0.785,81,201.14,33.0,0.537
rec_0458,C980,merchant_test_001,2026-08-17T21:14:00,checkout_abandonment,1900,otp_dropoff,customer_hesitation,recoverable,send_reminder,send_whatsapp_reminder,1/2,success,1900.0,recovered,customer_paid,wallet,2,0.05,167,3899.86,,0.924
rec_0164,C704,merchant_test_001,2026-08-11T02:45:00,checkout_abandonment,1000,cart_dropoff,customer_hesitation,not_recoverable,soft_reminder_low_priority,send_email_reminder,1/1,failure,0.0,failed,max_retries_reached,emi,0,0.579,48,4265.9,,0.311
rec_0409,C493,merchant_test_001,2026-08-24T23:00:00,payment_failure,400,bank_timeout,technical_issue,recoverable,retry_later,retry_payment,1/3,success,400.0,recovered,payment_success,emi,1,0.399,182,1898.53,,0.582
rec_0220,C383,merchant_test_001,2026-08-03T10:47:00,payment_failure,850,network_error,technical_issue,recoverable,retry_later,retry_payment,2/3,success,850.0,recovered,payment_success,netbanking,0,0.159,161,25493.51,,0.676
rec_0340,C682,merchant_test_001,2026-08-16T01:16:00,checkout_abandonment,250,payment_selection_dropoff,customer_hesitation,recoverable,send_reminder,send_whatsapp_reminder,1/2,success,250.0,recovered,customer_paid,wallet,2,0.437,74,4936.27,,0.606
rec_0344,C991,merchant_test_001,2026-08-04T16:19:00,payment_failure,300,network_error,hard_decline,recoverable,offer_alternate_payment,send_payment_link,1/1,failure,0.0,failed,max_retries_reached,netbanking,2,0.669,73,8269.76,,0.569
rec_0238,C171,merchant_test_001,2026-08-07T20:00:00,payment_failure,750,insufficient_funds,soft_decline,recoverable,retry_now,retry_payment,1/2,success,750.0,recovered,payment_success,netbanking,1,0.086,236,8205.95,,0.422
rec_0159,C297,merchant_test_001,2026-08-25T11:43:00,checkout_abandonment,300,cart_dropoff,customer_hesitation,not_recoverable,soft_reminder_low_priority,send_email_reminder,1/1,failure,0.0,failed,max_retries_reached,wallet,0,0.476,379,1302.58,,0.233
rec_0172,C302,merchant_test_001,2026-08-24T01:52:00,checkout_abandonment,250,payment_selection_dropoff,technical_issue,recoverable,retry_prompt,send_retry_link,2/2,success,250.0,recovered,customer_paid,wallet,0,0.185,221,23639.04,,0.743
rec_0036,C481,merchant_test_001,2026-08-01T06:41:00,checkout_abandonment,200,address_dropoff,customer_hesitation,recoverable,send_reminder,send_whatsapp_reminder,1/2,success,200.0,recovered,customer_paid,card,0,0.238,167,6663.28,,0.616
rec_0274,C162,merchant_test_001,2026-08-08T15:11:00,payment_failure,250,bank_timeout,soft_decline,recoverable,retry_now,retry_payment,1/2,success,250.0,recovered,payment_success,card,0,0.211,59,335.62,,0.531
rec_0492,C189,merchant_test_001,2026-08-25T05:55:00,checkout_abandonment,1400,cart_dropoff,technical_issue,not_recoverable,write_off,no_action,0/0,not_attempted,0.0,not_recovered,predicted_not_recoverable_skipped,wallet,1,0.624,68,8984.32,,0.236
rec_0205,C399,merchant_test_001,2026-08-15T14:49:00,subscription_failure,400,risk_declined,hard_decline,not_recoverable,write_off,no_action,0/0,not_attempted,0.0,not_recovered,predicted_not_recoverable_skipped,wallet,1,0.11,302,11164.65,,0.109
rec_0377,C422,merchant_test_001,2026-08-08T00:26:00,checkout_abandonment,2050,otp_dropoff,customer_hesitation,recoverable,send_reminder,send_whatsapp_reminder,1/2,success,2050.0,recovered,customer_paid,wallet,2,0.363,86,2255.69,,0.97
rec_0443,C130,merchant_test_001,2026-08-12T04:48:00,subscription_failure,250,risk_declined,hard_decline,not_recoverable,write_off,no_action,0/0,not_attempted,0.0,not_recovered,predicted_not_recoverable_skipped,wallet,3,0.115,365,634.55,,0.03
rec_0587,C309,merchant_test_001,2026-08-01T03:02:00,subscription_failure,7100,card_expired,hard_decline,not_recoverable,write_off,no_action,0/0,not_attempted,0.0,not_recovered,predicted_not_recoverable_skipped,netbanking,1,0.67,35,24536.47,,0.03
rec_0543,C291,merchant_test_001,2026-08-13T21:53:00,subscription_failure,700,insufficient_funds,hard_decline,recoverable,offer_alternate_payment,send_payment_link,1/1,success,700.0,recovered,customer_paid,wallet,0,0.147,313,1104.72,,0.576
rec_0282,C714,merchant_test_001,2026-08-03T20:36:00,checkout_abandonment,450,cart_dropoff,customer_hesitation,not_recoverable,soft_reminder_low_priority,send_email_reminder,1/1,failure,0.0,failed,max_retries_reached,emi,1,0.398,146,576.1,,0.329
rec_0353,C420,merchant_test_001,2026-08-22T05:09:00,checkout_abandonment,950,payment_selection_dropoff,customer_hesitation,recoverable,send_reminder,send_whatsapp_reminder,1/2,success,950.0,recovered,customer_paid,emi,3,0.087,238,1934.53,,0.853
rec_0490,C924,merchant_test_001,2026-08-03T14:51:00,checkout_abandonment,6450,payment_selection_dropoff,customer_hesitation,recoverable,send_reminder,send_whatsapp_reminder,1/2,success,6450.0,recovered,customer_paid,emi,1,0.025,382,3124.23,,0.872
rec_0100,C447,merchant_test_001,2026-08-01T23:16:00,subscription_failure,200,bank_timeout,technical_issue,not_recoverable,write_off,no_action,0/0,not_attempted,0.0,not_recovered,predicted_not_recoverable_skipped,wallet,1,0.218,387,9762.08,,0.257
rec_0072,C970,merchant_test_001,2026-08-23T11:07:00,payment_failure,5450,3ds_failure,technical_issue,not_recoverable,write_off,no_action,0/0,not_attempted,0.0,not_recovered,predicted_not_recoverable_skipped,card,1,0.211,95,1207.75,,0.352
rec_0354,C628,merchant_test_001,2026-08-08T07:29:00,payment_failure,1450,otp_failure,technical_issue,not_recoverable,write_off,no_action,0/0,not_attempted,0.0,not_recovered,predicted_not_recoverable_skipped,emi,1,0.3,51,3899.6,,0.133
rec_0516,C359,merchant_test_001,2026-08-07T17:14:00,overdue_invoice,31300,overdue_60d_plus,soft_decline,recoverable,send_payment_reminder,send_invoice_reminder,1/3,success,31300.0,recovered,customer_paid,invoice,0,0.371,320,7617.91,49.0,0.487
rec_0446,C979,merchant_test_001,2026-08-22T16:48:00,payment_failure,1450,issuer_down,technical_issue,recoverable,retry_later,retry_payment,1/3,success,1450.0,recovered,payment_success,wallet,2,0.554,144,7008.34,,0.64
rec_0288,C828,merchant_test_001,2026-08-19T06:07:00,subscription_failure,1100,card_expired,hard_decline,not_recoverable,write_off,no_action,0/0,not_attempted,0.0,not_recovered,predicted_not_recoverable_skipped,netbanking,1,0.167,394,1706.87,,0.03
rec_0338,C215,merchant_test_001,2026-08-20T00:53:00,checkout_abandonment,1450,cart_dropoff,soft_decline,not_recoverable,write_off,no_action,0/0,not_attempted,0.0,not_recovered,predicted_not_recoverable_skipped,wallet,2,0.384,103,3998.23,,0.315
rec_0112,C362,merchant_test_001,2026-08-04T05:21:00,payment_failure,950,issuer_down,technical_issue,recoverable,retry_later,retry_payment,1/3,success,950.0,recovered,payment_success,netbanking,0,0.123,33,22675.76,,0.712
rec_0028,C200,merchant_test_001,2026-08-09T19:22:00,checkout_abandonment,300,cart_dropoff,customer_hesitation,not_recoverable,soft_reminder_low_priority,send_email_reminder,1/1,failure,0.0,failed,max_retries_reached,netbanking,2,0.05,114,900.69,,0.174
rec_0080,C220,merchant_test_001,2026-08-20T07:39:00,payment_failure,400,issuer_down,technical_issue,recoverable,retry_later,retry_payment,2/3,success,400.0,recovered,payment_success,wallet,0,0.31,65,3573.43,,0.415
rec_0106,C284,merchant_test_001,2026-08-22T12:47:00,payment_failure,250,3ds_failure,technical_issue,recoverable,retry_later,retry_payment,3/3,failure,0.0,failed,max_retries_reached,wallet,2,0.329,269,1748.85,,0.565
rec_0160,C364,merchant_test_001,2026-08-23T17:02:00,checkout_abandonment,950,payment_selection_dropoff,customer_hesitation,not_recoverable,soft_reminder_low_priority,send_email_reminder,1/1,failure,0.0,failed,max_retries_reached,wallet,0,0.738,162,2133.0,,0.23
rec_0084,C334,merchant_test_001,2026-08-25T05:52:00,subscription_failure,450,insufficient_funds,soft_decline,recoverable,retry_alternate_method,retry_payment_alt_method,1/2,success,450.0,recovered,payment_success,upi,3,0.635,113,2080.37,,0.499
rec_0041,C462,merchant_test_001,2026-08-22T11:31:00,overdue_invoice,14050,overdue_60d_plus,hard_decline,not_recoverable,write_off,no_action,0/0,not_attempted,0.0,not_recovered,predicted_not_recoverable_skipped,invoice,0,0.235,171,487.43,42.0,0.157
rec_0081,C724,merchant_test_001,2026-08-17T21:00:00,checkout_abandonment,1650,payment_selection_dropoff,customer_hesitation,recoverable,send_reminder,send_whatsapp_reminder,1/2,success,1650.0,recovered,customer_paid,wallet,1,0.106,22,3961.34,,0.846
rec_0461,C997,merchant_test_001,2026-08-06T03:38:00,payment_failure,100,3ds_failure,technical_issue,recoverable,retry_later,retry_payment,3/3,success,100.0,recovered,payment_success,card,2,0.437,252,2494.89,,0.417
rec_0315,C479,merchant_test_001,2026-08-05T08:09:00,payment_failure,1250,card_expired,hard_decline,not_recoverable,write_off,no_action,0/0,not_attempted,0.0,not_recovered,predicted_not_recoverable_skipped,emi,2,0.563,57,2844.77,,0.152
rec_0438,C407,merchant_test_001,2026-08-15T01:59:00,payment_failure,1800,risk_declined,hard_decline,not_recoverable,write_off,no_action,0/0,not_attempted,0.0,not_recovered,predicted_not_recoverable_skipped,upi,1,0.065,327,2081.43,,0.296
rec_0308,C961,merchant_test_001,2026-08-07T13:01:00,checkout_abandonment,50,address_dropoff,soft_decline,recoverable,send_reminder,send_sms_reminder,2/2,failure,0.0,failed,max_retries_reached,upi,1,0.418,191,20640.94,,0.47
rec_0312,C403,merchant_test_001,2026-08-22T23:40:00,checkout_abandonment,500,otp_dropoff,technical_issue,recoverable,retry_prompt,send_retry_link,1/2,success,500.0,recovered,customer_paid,card,0,0.252,249,11511.76,,0.97
rec_0252,C443,merchant_test_001,2026-08-08T18:10:00,subscription_failure,300,insufficient_funds,soft_decline,not_recoverable,write_off,no_action,0/0,not_attempted,0.0,not_recovered,predicted_not_recoverable_skipped,wallet,1,0.213,165,4185.08,,0.365
rec_0562,C754,merchant_test_001,2026-08-21T22:31:00,subscription_failure,2400,card_expired,hard_decline,not_recoverable,write_off,no_action,0/0,not_attempted,0.0,not_recovered,predicted_not_recoverable_skipped,card,1,0.382,329,4061.82,,0.03
rec_0324,C307,merchant_test_001,2026-08-17T09:50:00,overdue_invoice,66100,overdue_1_30d,hard_decline,not_recoverable,write_off,no_action,0/0,not_attempted,0.0,not_recovered,predicted_not_recoverable_skipped,invoice,0,0.326,278,1391.69,56.0,0.162
rec_0097,C300,merchant_test_001,2026-08-10T07:26:00,payment_failure,2750,otp_failure,soft_decline,not_recoverable,write_off,no_action,0/0,not_attempted,0.0,not_recovered,predicted_not_recoverable_skipped,netbanking,1,0.611,129,11974.58,,0.368
rec_0451,C311,merchant_test_001,2026-08-09T09:08:00,subscription_failure,400,mandate_limit_exceeded,hard_decline,not_recoverable,write_off,no_action,0/0,not_attempted,0.0,not_recovered,predicted_not_recoverable_skipped,emi,1,0.334,337,1993.0,,0.03
rec_0329,C843,merchant_test_001,2026-08-07T11:12:00,subscription_failure,600,mandate_limit_exceeded,hard_decline,not_recoverable,write_off,no_action,0/0,not_attempted,0.0,not_recovered,predicted_not_recoverable_skipped,netbanking,0,0.065,133,411.43,,0.082
rec_0479,C622,merchant_test_001,2026-08-20T22:46:00,payment_failure,800,bank_timeout,technical_issue,recoverable,retry_later,retry_payment,1/3,failure,0.0,stopped,customer_opted_out,card,1,0.487,349,1365.46,,0.56
rec_0032,C455,merchant_test_001,2026-08-02T23:46:00,payment_failure,350,card_expired,hard_decline,not_recoverable,write_off,no_action,0/0,not_attempted,0.0,not_recovered,predicted_not_recoverable_skipped,emi,1,0.264,306,2296.17,,0.03
rec_0502,C112,merchant_test_001,2026-08-15T15:11:00,payment_failure,250,card_expired,hard_decline,not_recoverable,write_off,no_action,0/0,not_attempted,0.0,not_recovered,predicted_not_recoverable_skipped,netbanking,4,0.552,277,12769.65,,0.03
rec_0380,C814,merchant_test_001,2026-08-25T15:18:00,overdue_invoice,15300,overdue_1_30d,customer_hesitation,recoverable,send_payment_reminder,send_invoice_reminder,1/3,success,15300.0,recovered,customer_paid,invoice,2,0.287,161,3108.49,20.0,0.653
rec_0216,C671,merchant_test_001,2026-08-18T21:16:00,payment_failure,300,3ds_failure,technical_issue,recoverable,retry_later,retry_payment,2/3,success,300.0,recovered,payment_success,upi,0,0.559,108,5376.57,,0.649
rec_0415,C134,merchant_test_001,2026-08-03T18:38:00,subscription_failure,3100,risk_declined,hard_decline,not_recoverable,write_off,no_action,0/0,not_attempted,0.0,not_recovered,predicted_not_recoverable_skipped,netbanking,0,0.844,327,4456.91,,0.163
rec_0284,C367,merchant_test_001,2026-08-06T23:46:00,payment_failure,2450,card_expired,hard_decline,not_recoverable,write_off,no_action,0/0,not_attempted,0.0,not_recovered,predicted_not_recoverable_skipped,emi,0,0.017,117,4309.97,,0.282
rec_0202,C174,merchant_test_001,2026-08-08T14:36:00,checkout_abandonment,200,payment_selection_dropoff,customer_hesitation,recoverable,send_reminder,send_whatsapp_reminder,1/2,success,200.0,recovered,customer_paid,netbanking,0,0.21,297,1450.77,,0.703
rec_0280,C430,merchant_test_001,2026-08-12T11:40:00,subscription_failure,650,bank_timeout,technical_issue,recoverable,retry_later,retry_payment,3/3,failure,0.0,failed,max_retries_reached,netbanking,1,0.267,337,3334.98,,0.688
rec_0407,C996,merchant_test_001,2026-08-14T13:28:00,overdue_invoice,5600,overdue_60d_plus,customer_hesitation,not_recoverable,soft_reminder_low_priority,send_email_reminder,1/1,failure,0.0,failed,max_retries_reached,invoice,0,0.562,365,3683.58,54.0,0.319
rec_0350,C813,merchant_test_001,2026-08-21T07:26:00,overdue_invoice,77900,overdue_60d_plus,customer_hesitation,not_recoverable,soft_reminder_low_priority,send_email_reminder,1/1,failure,0.0,failed,max_retries_reached,invoice,0,0.34,279,911.83,45.0,0.376
rec_0124,C953,merchant_test_001,2026-08-16T02:09:00,subscription_failure,1250,insufficient_funds,soft_decline,recoverable,retry_alternate_method,retry_payment_alt_method,2/2,success,1250.0,recovered,payment_success,wallet,1,0.306,42,58327.63,,0.443
rec_0029,C439,merchant_test_001,2026-08-07T10:34:00,payment_failure,350,bank_timeout,technical_issue,recoverable,retry_later,retry_payment,1/3,success,350.0,recovered,payment_success,emi,0,0.052,399,3898.42,,0.714
rec_0567,C723,merchant_test_001,2026-08-12T23:39:00,overdue_invoice,7850,overdue_31_60d,hard_decline,not_recoverable,write_off,no_action,0/0,not_attempted,0.0,not_recovered,predicted_not_recoverable_skipped,invoice,0,0.114,232,8120.98,64.0,0.286
rec_0062,C518,merchant_test_001,2026-08-04T06:15:00,overdue_invoice,11000,overdue_60d_plus,customer_hesitation,recoverable,send_payment_reminder,send_invoice_reminder,3/3,failure,0.0,failed,max_retries_reached,invoice,0,0.164,276,4423.49,19.0,0.714
rec_0176,C146,merchant_test_001,2026-08-19T21:54:00,subscription_failure,350,risk_declined,hard_decline,not_recoverable,write_off,no_action,0/0,not_attempted,0.0,not_recovered,predicted_not_recoverable_skipped,upi,1,0.118,117,1492.12,,0.105
rec_0116,C574,merchant_test_001,2026-08-02T16:40:00,payment_failure,800,issuer_down,technical_issue,not_recoverable,write_off,no_action,0/0,not_attempted,0.0,not_recovered,predicted_not_recoverable_skipped,emi,2,0.255,34,27874.45,,0.337
rec_0011,C379,merchant_test_001,2026-08-23T04:01:00,checkout_abandonment,1150,otp_dropoff,technical_issue,recoverable,retry_prompt,send_retry_link,1/2,success,1150.0,recovered,customer_paid,card,0,0.212,97,651.86,,0.97
rec_0144,C783,merchant_test_001,2026-08-23T22:26:00,subscription_failure,550,bank_timeout,technical_issue,not_recoverable,write_off,no_action,0/0,not_attempted,0.0,not_recovered,predicted_not_recoverable_skipped,emi,0,0.289,358,53.13,,0.358
rec_0434,C896,merchant_test_001,2026-08-01T22:31:00,payment_failure,400,card_expired,hard_decline,not_recoverable,write_off,no_action,0/0,not_attempted,0.0,not_recovered,predicted_not_recoverable_skipped,card,2,0.118,139,1336.46,,0.03
rec_0437,C344,merchant_test_001,2026-08-15T18:55:00,checkout_abandonment,350,payment_selection_dropoff,technical_issue,recoverable,retry_prompt,send_retry_link,1/2,success,350.0,recovered,customer_paid,upi,1,0.219,327,2880.38,,0.97
